X,Y,Z,layer,Well Name,feature1,feature2,feature3,feature4
136.3,131.5,-0.52,0,BH1,3.05,4.24,15.56,7.83
136.3,131.5,-1.58,0,BH1,17.88,-0.49,13.01,8.2
136.3,131.5,-2.62,0,BH1,8.8,9.38,-1.76,1.51
136.3,131.5,-3.68,0,BH1,9.69,11.37,17.95,6.24
136.3,131.5,-4.72,0,BH1,9.57,-0.74,8.51,5.14
136.3,131.5,-5.78,0,BH1,6.12,2.6,13.84,-3.98
136.3,131.5,-6.82,0,BH1,11.04,-4.25,15.07,3.45
136.3,131.5,-7.88,0,BH1,14.15,-0.05,8.11,4.53
136.3,131.5,-8.93,0,BH1,11.21,1.88,19.17,-2.87
136.3,131.5,-9.98,0,BH1,5.77,0.33,12.46,-0.11
136.3,131.5,-11.02,0,BH1,6.09,6.89,8.47,14.5
136.3,131.5,-12.08,0,BH1,7.26,1.92,1.26,0.28
136.3,131.5,-13.12,0,BH1,8.93,4.26,12.99,1.06
136.3,131.5,-14.18,0,BH1,14.13,-4.2,22.3,4.72
136.3,131.5,-15.22,0,BH1,10.44,2.38,6.2,6.48
136.3,131.5,-16.27,0,BH1,6.32,-2.87,3.86,-2.5
136.3,131.5,-17.32,0,BH1,9.77,1.0,6.17,6.42
136.3,131.5,-18.38,0,BH1,-1.12,14.18,14.26,6.0
136.3,131.5,-19.42,0,BH1,6.19,0.41,10.14,7.08
136.3,131.5,-20.48,0,BH1,10.12,5.52,13.2,1.98
136.3,131.5,-21.52,0,BH1,13.28,1.96,10.66,3.85
136.3,131.5,-22.58,0,BH1,11.51,-3.65,8.29,3.38
136.3,131.5,-23.62,0,BH1,4.98,5.48,-0.7,9.09
136.3,131.5,-24.68,0,BH1,-1.84,3.77,9.46,7.73
136.3,131.5,-25.72,0,BH1,15.93,-4.4,1.69,5.67
136.3,131.5,-26.78,0,BH1,7.44,-6.01,2.88,14.39
136.3,131.5,-27.82,0,BH1,11.48,6.4,-3.79,7.91
136.3,131.5,-28.88,0,BH1,3.94,-1.22,12.53,-0.98
136.3,131.5,-29.92,0,BH1,6.85,0.59,9.02,3.27
136.3,131.5,-30.98,0,BH1,5.37,4.18,5.27,2.43
136.3,131.5,-32.02,0,BH1,16.17,7.55,7.02,0.27
136.3,131.5,-33.08,0,BH1,6.09,-6.13,2.63,6.87
136.3,131.5,-34.12,0,BH1,7.61,3.89,7.76,-0.73
136.3,131.5,-35.17,0,BH1,7.8,-1.51,19.45,9.33
136.3,131.5,-36.22,0,BH1,10.39,-4.14,5.36,0.79
136.3,131.5,-37.28,0,BH1,13.78,3.08,6.63,7.09
136.3,131.5,-38.33,0,BH1,-1.26,4.94,3.45,-9.63
136.3,131.5,-39.38,0,BH1,9.8,6.93,12.42,11.69
136.3,131.5,-40.42,0,BH1,6.48,2.45,9.77,-5.4
136.3,131.5,-41.48,0,BH1,3.91,3.37,3.05,4.25
136.3,131.5,-42.52,0,BH1,2.44,4.75,10.46,9.47
136.3,131.5,-43.58,0,BH1,8.21,-4.35,8.23,6.28
136.3,131.5,-44.62,0,BH1,10.79,-2.16,10.88,2.44
136.3,131.5,-45.68,0,BH1,17.67,2.97,10.3,-7.22
136.3,131.5,-46.72,0,BH1,3.08,1.31,16.37,-0.55
136.3,131.5,-47.78,0,BH1,6.78,4.4,5.06,8.55
136.3,131.5,-48.82,0,BH1,13.95,2.87,7.18,8.27
136.3,131.5,-49.88,0,BH1,13.23,-6.38,12.48,-0.46
136.3,131.5,-50.92,0,BH1,8.17,7.46,13.51,8.05
136.3,131.5,-51.98,0,BH1,13.61,2.45,15.42,8.01
136.3,131.5,-53.02,0,BH1,10.1,5.87,12.12,9.18
136.3,131.5,-54.08,0,BH1,8.03,3.95,13.65,10.39
136.3,131.5,-55.12,0,BH1,9.62,3.47,7.19,-0.62
136.3,131.5,-56.18,0,BH1,1.44,-3.91,14.87,-2.26
136.3,131.5,-57.22,0,BH1,5.13,-6.88,11.07,3.09
136.3,131.5,-58.28,0,BH1,8.22,2.97,15.83,7.98
136.3,131.5,-59.32,0,BH1,3.67,4.73,13.1,-3.61
136.3,131.5,-60.38,0,BH1,-0.69,9.72,13.68,4.73
136.3,131.5,-61.42,0,BH1,10.92,-4.51,12.39,3.88
136.3,131.5,-62.48,0,BH1,7.07,3.9,8.87,5.57
136.3,131.5,-63.52,0,BH1,5.61,-0.46,14.53,-0.8
136.3,131.5,-64.58,0,BH1,12.34,3.19,3.26,3.67
136.3,131.5,-65.62,0,BH1,15.9,-8.42,5.05,5.93
136.3,131.5,-66.68,0,BH1,0.82,1.14,5.42,5.35
136.3,131.5,-67.72,0,BH1,9.61,-1.1,3.62,7.97
136.3,131.5,-68.78,0,BH1,7.44,5.2,2.35,0.99
136.3,131.5,-69.82,0,BH1,11.78,1.91,13.34,-1.95
136.3,131.5,-70.88,0,BH1,4.57,4.11,10.0,11.92
136.3,131.5,-71.92,0,BH1,10.19,9.57,9.96,4.48
136.3,131.5,-72.97,0,BH1,15.38,3.13,6.99,-0.7
136.3,131.5,-74.03,0,BH1,15.61,2.27,5.93,5.43
136.3,131.5,-75.08,0,BH1,10.72,2.76,11.25,12.47
136.3,131.5,-76.12,0,BH1,6.09,15.3,10.62,2.47
136.3,131.5,-77.18,0,BH1,4.38,-7.5,13.36,-1.07
136.3,131.5,-78.22,0,BH1,13.56,-7.14,11.05,5.85
136.3,131.5,-79.28,0,BH1,15.1,-6.92,1.73,8.81
136.3,131.5,-80.32,0,BH1,12.0,5.95,8.53,3.4
136.3,131.5,-81.38,0,BH1,6.63,2.8,14.44,8.45
136.3,131.5,-82.42,0,BH1,9.6,5.08,13.23,3.83
136.3,131.5,-83.48,0,BH1,6.25,-5.13,10.26,7.21
136.3,131.5,-84.52,0,BH1,14.51,1.97,8.91,2.33
136.3,131.5,-85.58,0,BH1,11.22,-5.45,4.98,3.23
136.3,131.5,-86.62,0,BH1,4.42,-0.31,12.3,2.79
136.3,131.5,-87.68,0,BH1,10.24,13.5,16.32,5.33
136.3,131.5,-88.72,0,BH1,6.48,-1.41,8.16,4.61
136.3,131.5,-89.78,0,BH1,6.11,-8.39,14.4,2.36
136.3,131.5,-90.82,0,BH1,16.52,-0.94,12.28,4.28
136.3,131.5,-91.88,0,BH1,4.43,-6.73,1.28,4.96
136.3,131.5,-92.92,1,BH1,5.52,-4.2,9.96,-7.24
136.3,131.5,-93.98,1,BH1,10.0,-1.18,15.94,-15.1
136.3,131.5,-95.02,1,BH1,8.31,-7.55,10.38,3.45
136.3,131.5,-96.08,1,BH1,0.86,2.19,5.61,-10.82
136.3,131.5,-97.12,1,BH1,-0.66,-1.74,14.94,-7.73
136.3,131.5,-98.18,1,BH1,2.36,-6.23,18.39,-11.21
136.3,131.5,-99.22,1,BH1,4.95,-1.97,7.18,-12.17
136.3,131.5,-100.28,1,BH1,-3.51,1.21,10.2,-6.07
136.3,131.5,-101.32,1,BH1,3.6,-3.02,2.95,-3.7
136.3,131.5,-102.38,1,BH1,3.5,-12.28,12.41,-13.25
136.3,131.5,-103.42,1,BH1,-1.07,-7.6,19.77,-4.51
136.3,131.5,-104.48,1,BH1,0.51,-6.32,11.49,-7.35
136.3,131.5,-105.52,1,BH1,9.97,-1.71,6.77,-7.25
136.3,131.5,-106.58,1,BH1,13.85,-6.44,8.74,-9.55
136.3,131.5,-107.62,1,BH1,3.99,-8.54,19.28,-7.81
136.3,131.5,-108.68,1,BH1,-1.92,-9.72,6.51,-20.47
136.3,131.5,-109.72,1,BH1,9.1,-10.09,8.62,-14.01
136.3,131.5,-110.78,1,BH1,-2.78,-17.05,11.03,-8.16
136.3,131.5,-111.82,1,BH1,11.99,-7.92,10.01,-17.26
136.3,131.5,-112.88,1,BH1,-1.23,-20.7,5.68,-8.12
136.3,131.5,-113.92,1,BH1,2.61,-5.18,12.58,-15.82
136.3,131.5,-114.98,1,BH1,5.91,-8.21,13.93,-11.53
136.3,131.5,-116.02,1,BH1,4.4,-3.27,5.16,-11.18
136.3,131.5,-117.08,1,BH1,7.5,-5.38,10.17,-8.98
136.3,131.5,-118.12,1,BH1,3.93,-12.17,10.46,-7.93
136.3,131.5,-119.18,1,BH1,10.32,-11.37,6.96,-8.74
136.3,131.5,-120.22,1,BH1,1.41,-5.09,10.87,-8.93
136.3,131.5,-121.28,1,BH1,-0.47,-1.99,16.24,-4.51
136.3,131.5,-122.32,1,BH1,1.24,-5.66,3.57,-17.03
136.3,131.5,-123.38,1,BH1,6.75,-9.95,15.95,-14.47
136.3,131.5,-124.42,1,BH1,-0.8,-8.14,8.39,-5.37
136.3,131.5,-125.48,1,BH1,5.88,-3.22,6.86,-3.76
136.3,131.5,-126.52,1,BH1,2.51,-8.59,5.91,-10.49
136.3,131.5,-127.58,1,BH1,-0.11,-11.09,7.1,-9.63
136.3,131.5,-128.62,1,BH1,0.92,-6.05,5.42,-6.04
136.3,131.5,-129.68,1,BH1,-2.2,-8.62,4.85,-2.31
136.3,131.5,-130.72,1,BH1,-3.67,-4.81,6.67,-14.14
136.3,131.5,-131.78,1,BH1,6.7,-2.11,8.31,-10.12
136.3,131.5,-132.82,1,BH1,0.08,-5.51,1.6,-6.03
136.3,131.5,-133.88,1,BH1,4.95,-9.6,3.85,-10.8
136.3,131.5,-134.93,1,BH1,4.35,-14.47,7.81,-21.11
136.3,131.5,-135.98,1,BH1,0.67,-5.59,8.71,-8.34
136.3,131.5,-137.02,1,BH1,-2.96,3.11,1.95,-11.77
136.3,131.5,-138.07,1,BH1,6.38,-7.9,8.73,-3.11
136.3,131.5,-139.12,1,BH1,-4.28,-4.94,9.47,-7.97
136.3,131.5,-140.18,1,BH1,5.4,-5.23,16.64,-3.92
136.3,131.5,-141.22,1,BH1,2.22,-13.6,13.74,-15.95
136.3,131.5,-142.28,1,BH1,4.79,-1.07,9.27,-20.32
136.3,131.5,-143.32,1,BH1,-0.34,-13.22,9.77,-7.99
136.3,131.5,-144.38,2,BH1,-5.76,-2.71,7.13,-13.11
136.3,131.5,-145.43,2,BH1,0.77,4.75,3.92,-11.6
136.3,131.5,-146.48,2,BH1,1.59,6.36,10.79,-5.13
136.3,131.5,-147.52,2,BH1,-1.69,4.28,10.95,-8.27
136.3,131.5,-148.57,2,BH1,-4.07,4.2,1.91,-7.84
136.3,131.5,-149.62,2,BH1,-6.95,-5.26,5.47,-5.6
136.3,131.5,-150.68,2,BH1,-1.25,0.8,4.04,-3.15
136.3,131.5,-151.72,2,BH1,-9.65,-4.36,4.61,-5.91
136.3,131.5,-152.78,2,BH1,-9.69,6.34,9.23,-6.0
136.3,131.5,-153.82,2,BH1,-9.82,-1.34,6.67,-2.78
136.3,131.5,-154.88,2,BH1,-8.22,-0.4,2.47,-5.19
136.3,131.5,-155.93,2,BH1,-6.48,7.4,5.55,-11.48
136.3,131.5,-156.98,2,BH1,-8.74,7.64,6.46,-8.17
136.3,131.5,-158.02,2,BH1,-5.2,7.55,3.58,-11.13
136.3,131.5,-159.07,2,BH1,-3.89,3.81,10.26,-7.07
136.3,131.5,-160.12,2,BH1,-8.6,-7.85,6.25,-15.91
136.3,131.5,-161.18,2,BH1,5.18,-7.73,12.3,-2.15
136.3,131.5,-162.22,2,BH1,-8.32,8.09,0.77,-3.2
136.3,131.5,-163.28,2,BH1,8.59,-0.24,5.67,-3.45
136.3,131.5,-164.32,2,BH1,-1.15,1.69,6.4,-4.98
136.3,131.5,-165.38,2,BH1,-3.29,-9.93,11.01,-9.64
136.3,131.5,-166.42,2,BH1,-2.61,2.17,3.68,-8.88
136.3,131.5,-167.48,2,BH1,-6.34,-0.58,2.57,-7.69
136.3,131.5,-168.52,2,BH1,-5.17,1.46,9.59,-4.26
136.3,131.5,-169.58,2,BH1,-4.78,-1.24,4.93,-5.59
136.3,131.5,-170.62,2,BH1,5.54,-9.11,0.56,-6.47
136.3,131.5,-171.68,2,BH1,-9.2,-3.88,11.31,-3.01
136.3,131.5,-172.72,2,BH1,-7.29,4.92,8.61,-4.98
136.3,131.5,-173.78,2,BH1,-0.86,-0.61,6.68,-11.43
136.3,131.5,-174.82,2,BH1,-8.16,-2.35,4.97,-4.48
136.3,131.5,-175.88,2,BH1,-9.51,-0.71,9.79,-0.01
136.3,131.5,-176.92,2,BH1,-15.31,1.89,6.74,-8.76
136.3,131.5,-177.98,2,BH1,-0.51,4.81,4.38,-1.67
136.3,131.5,-179.02,2,BH1,-10.74,-2.52,-2.62,-0.25
136.3,131.5,-180.08,2,BH1,-12.13,-0.98,8.42,0.73
136.3,131.5,-181.12,2,BH1,-7.07,0.57,10.22,-2.24
136.3,131.5,-182.18,2,BH1,-7.39,0.25,0.72,-13.76
136.3,131.5,-183.22,2,BH1,-6.59,-7.4,9.08,-3.65
136.3,131.5,-184.28,2,BH1,-5.18,4.38,2.1,0.14
136.3,131.5,-185.32,2,BH1,-8.38,-7.29,10.04,-0.01
136.3,131.5,-186.38,2,BH1,-10.25,0.92,11.77,-4.81
136.3,131.5,-187.42,2,BH1,-6.61,7.07,11.33,-13.61
136.3,131.5,-188.48,2,BH1,-7.27,-4.81,3.48,-10.27
136.3,131.5,-189.52,2,BH1,-9.9,-2.0,7.45,1.34
136.3,131.5,-190.58,2,BH1,6.27,-5.35,2.96,-9.02
136.3,131.5,-191.62,2,BH1,-14.79,6.46,4.07,-6.33
136.3,131.5,-192.68,2,BH1,0.32,-4.49,6.88,-2.52
136.3,131.5,-193.72,2,BH1,0.41,-2.23,2.27,-6.45
136.3,131.5,-194.78,2,BH1,-3.48,4.91,6.26,1.23
136.3,131.5,-195.82,2,BH1,-2.21,6.1,14.18,2.44
136.3,131.5,-196.88,2,BH1,-6.84,-1.48,5.03,-8.97
136.3,131.5,-197.92,2,BH1,-3.22,-2.54,2.16,-7.09
142.3,88.3,-0.52,0,BH2,13.96,3.25,13.18,6.13
142.3,88.3,-1.58,0,BH2,11.99,1.39,12.93,1.74
142.3,88.3,-2.62,0,BH2,10.33,8.76,14.58,1.9
142.3,88.3,-3.68,0,BH2,10.55,-0.27,3.11,-3.28
142.3,88.3,-4.72,0,BH2,11.31,-3.9,2.44,-0.4
142.3,88.3,-5.78,0,BH2,9.94,3.1,7.6,9.2
142.3,88.3,-6.82,0,BH2,14.19,-7.91,6.11,-1.1
142.3,88.3,-7.88,0,BH2,10.02,-0.6,12.37,7.75
142.3,88.3,-8.93,0,BH2,6.48,-0.71,7.8,7.35
142.3,88.3,-9.98,0,BH2,5.3,1.54,17.36,5.5
142.3,88.3,-11.02,0,BH2,10.46,-6.67,13.83,3.27
142.3,88.3,-12.08,0,BH2,18.04,3.45,8.24,4.73
142.3,88.3,-13.12,0,BH2,11.01,-4.74,10.26,-1.22
142.3,88.3,-14.18,0,BH2,15.64,2.8,13.89,6.3
142.3,88.3,-15.22,0,BH2,6.99,0.13,4.97,5.63
142.3,88.3,-16.27,0,BH2,4.47,4.2,8.02,7.19
142.3,88.3,-17.32,0,BH2,9.96,5.55,11.9,6.06
142.3,88.3,-18.38,0,BH2,13.28,5.93,7.7,5.09
142.3,88.3,-19.42,0,BH2,11.79,6.35,15.6,2.25
142.3,88.3,-20.48,0,BH2,7.37,-4.68,9.02,1.35
142.3,88.3,-21.52,0,BH2,4.13,-1.56,-1.85,1.41
142.3,88.3,-22.58,0,BH2,9.73,3.38,13.48,-0.2
142.3,88.3,-23.62,0,BH2,14.82,-1.1,8.84,5.8
142.3,88.3,-24.68,0,BH2,3.49,1.57,9.49,13.67
142.3,88.3,-25.72,0,BH2,9.17,6.77,14.67,4.58
142.3,88.3,-26.78,0,BH2,3.78,5.01,11.88,-0.18
142.3,88.3,-27.82,0,BH2,7.61,3.13,16.9,4.23
142.3,88.3,-28.88,0,BH2,12.2,-5.33,-3.35,9.34
142.3,88.3,-29.92,0,BH2,8.7,-0.19,11.86,0.22
142.3,88.3,-30.98,0,BH2,9.48,-1.84,10.92,8.13
142.3,88.3,-32.02,0,BH2,12.01,-2.65,13.03,3.84
142.3,88.3,-33.08,0,BH2,11.16,2.87,3.99,5.16
142.3,88.3,-34.12,0,BH2,6.92,1.39,12.22,-3.23
142.3,88.3,-35.17,0,BH2,2.1,5.97,11.95,-4.76
142.3,88.3,-36.22,0,BH2,10.74,-5.93,10.25,4.66
142.3,88.3,-37.28,0,BH2,9.7,-6.62,10.22,18.47
142.3,88.3,-38.33,0,BH2,14.31,-0.02,16.0,3.77
142.3,88.3,-39.38,0,BH2,16.97,5.22,4.42,1.4
142.3,88.3,-40.42,0,BH2,2.62,-3.97,3.9,4.77
142.3,88.3,-41.48,0,BH2,14.83,3.1,22.69,6.25
142.3,88.3,-42.52,0,BH2,1.35,-1.12,2.73,8.48
142.3,88.3,-43.58,0,BH2,14.12,0.3,9.79,11.12
142.3,88.3,-44.62,0,BH2,8.82,-2.65,10.64,8.33
142.3,88.3,-45.68,0,BH2,3.48,5.37,13.92,-1.06
142.3,88.3,-46.72,0,BH2,6.7,-0.04,2.4,6.74
142.3,88.3,-47.78,0,BH2,16.3,6.28,18.43,8.95
142.3,88.3,-48.82,0,BH2,16.5,-3.45,1.15,-2.23
142.3,88.3,-49.88,0,BH2,9.93,-0.88,9.17,5.99
142.3,88.3,-50.92,0,BH2,13.59,-0.38,0.56,4.24
142.3,88.3,-51.98,0,BH2,4.57,2.12,9.96,6.97
142.3,88.3,-53.02,0,BH2,11.58,1.67,13.94,2.59
142.3,88.3,-54.08,0,BH2,1.12,4.01,8.91,-5.54
142.3,88.3,-55.12,0,BH2,8.19,-3.62,11.44,1.0
142.3,88.3,-56.18,0,BH2,7.43,-0.41,5.9,1.89
142.3,88.3,-57.22,0,BH2,10.29,-2.16,14.55,1.55
142.3,88.3,-58.28,0,BH2,7.26,0.12,5.17,2.71
142.3,88.3,-59.32,0,BH2,4.58,-2.54,6.75,7.08
142.3,88.3,-60.38,0,BH2,11.26,-0.31,6.83,-2.09
142.3,88.3,-61.42,0,BH2,6.63,-3.18,12.08,8.35
142.3,88.3,-62.48,0,BH2,10.64,1.52,2.87,8.2
142.3,88.3,-63.52,0,BH2,3.31,-3.79,12.31,9.55
142.3,88.3,-64.58,0,BH2,5.76,10.7,3.63,2.25
142.3,88.3,-65.62,0,BH2,22.98,-4.57,7.86,5.34
142.3,88.3,-66.68,0,BH2,10.52,-0.81,14.98,-2.24
142.3,88.3,-67.72,0,BH2,6.48,0.87,10.56,-1.84
142.3,88.3,-68.78,0,BH2,8.77,-4.02,11.17,-2.9
142.3,88.3,-69.82,0,BH2,5.57,-0.72,11.48,13.55
142.3,88.3,-70.88,0,BH2,13.83,-3.74,1.31,3.31
142.3,88.3,-71.92,0,BH2,12.47,1.62,6.98,5.24
142.3,88.3,-72.97,0,BH2,6.63,0.68,4.84,8.97
142.3,88.3,-74.03,0,BH2,5.63,0.37,10.52,1.38
142.3,88.3,-75.08,0,BH2,5.26,7.3,11.03,6.15
142.3,88.3,-76.12,0,BH2,14.93,2.19,8.21,-1.22
142.3,88.3,-77.18,0,BH2,10.62,9.46,11.58,3.53
142.3,88.3,-78.22,0,BH2,10.63,-5.35,11.69,4.56
142.3,88.3,-79.28,0,BH2,9.98,-2.75,-2.47,5.04
142.3,88.3,-80.32,0,BH2,18.24,6.66,6.8,7.16
142.3,88.3,-81.38,0,BH2,7.59,-4.87,9.4,3.93
142.3,88.3,-82.42,0,BH2,5.77,0.4,12.84,4.55
142.3,88.3,-83.48,0,BH2,14.94,-4.28,14.25,7.8
142.3,88.3,-84.52,0,BH2,5.6,-0.41,8.32,5.9
142.3,88.3,-85.58,0,BH2,13.01,8.51,6.95,0.6
142.3,88.3,-86.62,0,BH2,7.85,0.14,6.62,3.62
142.3,88.3,-87.68,0,BH2,15.41,1.54,1.97,11.71
142.3,88.3,-88.72,0,BH2,4.1,2.03,5.82,5.52
142.3,88.3,-89.78,0,BH2,16.02,-2.73,4.06,9.77
142.3,88.3,-90.82,0,BH2,9.3,-5.16,4.98,-1.72
142.3,88.3,-91.88,0,BH2,9.87,-5.34,2.49,7.59
142.3,88.3,-92.92,0,BH2,4.46,10.97,11.15,9.72
142.3,88.3,-93.98,0,BH2,12.13,3.37,6.43,12.03
142.3,88.3,-95.02,0,BH2,18.74,2.77,10.07,1.82
142.3,88.3,-96.08,0,BH2,15.87,-1.2,12.37,3.3
142.3,88.3,-97.12,1,BH2,5.41,-11.1,13.06,-9.1
142.3,88.3,-98.18,1,BH2,-2.51,-7.92,16.16,-2.72
142.3,88.3,-99.22,1,BH2,8.13,-6.2,3.68,-5.82
142.3,88.3,-100.28,1,BH2,-0.04,-6.24,15.43,-8.08
142.3,88.3,-101.32,1,BH2,2.17,-6.58,9.63,-5.81
142.3,88.3,-102.38,1,BH2,6.63,-6.97,11.77,-7.52
142.3,88.3,-103.42,1,BH2,1.08,-8.57,9.85,-12.45
142.3,88.3,-104.48,1,BH2,2.85,-5.29,13.37,-9.22
142.3,88.3,-105.52,1,BH2,1.96,-0.98,9.36,-12.33
142.3,88.3,-106.58,1,BH2,10.35,-8.76,5.33,-10.75
142.3,88.3,-107.62,1,BH2,-4.14,4.58,10.93,-10.22
142.3,88.3,-108.68,1,BH2,18.14,-11.44,4.73,-19.76
142.3,88.3,-109.72,1,BH2,0.27,3.41,3.49,-12.9
142.3,88.3,-110.78,1,BH2,6.82,-8.36,13.2,-15.15
142.3,88.3,-111.82,1,BH2,12.11,-3.38,14.01,-9.72
142.3,88.3,-112.88,1,BH2,6.61,-3.75,6.35,-18.07
142.3,88.3,-113.92,1,BH2,7.49,-8.07,11.31,-10.72
142.3,88.3,-114.98,1,BH2,1.98,-12.52,2.93,-0.13
142.3,88.3,-116.02,1,BH2,-3.24,-10.68,0.56,-13.55
142.3,88.3,-117.08,1,BH2,-3.16,-13.46,13.62,-15.63
142.3,88.3,-118.12,1,BH2,10.73,-0.66,15.85,-13.7
142.3,88.3,-119.18,1,BH2,8.54,-2.01,12.73,-13.85
142.3,88.3,-120.22,1,BH2,1.84,-3.83,10.27,-8.91
142.3,88.3,-121.28,1,BH2,8.48,1.27,8.2,-12.47
142.3,88.3,-122.32,1,BH2,1.84,-4.68,14.85,-9.29
142.3,88.3,-123.38,1,BH2,13.56,-8.5,11.06,-11.66
142.3,88.3,-124.42,1,BH2,2.76,-7.57,18.47,-1.18
142.3,88.3,-125.48,1,BH2,-2.75,-5.49,7.24,-16.66
142.3,88.3,-126.52,1,BH2,1.55,-5.51,16.06,-9.57
142.3,88.3,-127.58,1,BH2,1.1,-13.17,9.97,-13.11
142.3,88.3,-128.62,1,BH2,-2.46,1.33,7.59,-13.38
142.3,88.3,-129.68,1,BH2,9.09,-8.96,3.45,-8.56
142.3,88.3,-130.72,1,BH2,9.6,0.2,15.27,-15.45
142.3,88.3,-131.78,1,BH2,11.09,-0.9,15.43,-13.61
142.3,88.3,-132.82,1,BH2,3.29,-16.38,9.01,-11.09
142.3,88.3,-133.88,1,BH2,-3.78,1.94,3.28,-7.85
142.3,88.3,-134.93,1,BH2,3.28,0.02,15.55,-18.07
142.3,88.3,-135.98,1,BH2,-5.69,-6.36,4.25,-8.2
142.3,88.3,-137.02,1,BH2,7.47,-3.92,8.57,-13.74
142.3,88.3,-138.07,1,BH2,3.5,4.13,3.92,-9.24
142.3,88.3,-139.12,1,BH2,0.28,-4.87,10.43,-13.42
142.3,88.3,-140.18,1,BH2,-0.73,-6.79,11.57,-11.78
142.3,88.3,-141.22,1,BH2,-5.57,0.17,-4.56,-10.08
142.3,88.3,-142.28,1,BH2,8.1,-4.76,3.77,-13.48
142.3,88.3,-143.32,1,BH2,-2.87,3.07,2.81,-6.43
142.3,88.3,-144.38,1,BH2,3.26,-9.51,5.99,-3.73
142.3,88.3,-145.43,1,BH2,7.31,-9.95,10.41,-12.68
142.3,88.3,-146.48,2,BH2,-7.16,0.23,10.61,2.4
142.3,88.3,-147.52,2,BH2,-1.46,-5.71,10.82,-6.16
142.3,88.3,-148.57,2,BH2,-0.47,1.49,10.65,5.17
142.3,88.3,-149.62,2,BH2,-11.91,0.52,6.4,-3.37
142.3,88.3,-150.68,2,BH2,3.07,4.49,1.32,-6.05
142.3,88.3,-151.72,2,BH2,-10.02,1.72,6.59,-4.95
142.3,88.3,-152.78,2,BH2,-3.64,7.78,-2.11,-2.36
142.3,88.3,-153.82,2,BH2,-2.87,4.69,6.57,0.24
142.3,88.3,-154.88,2,BH2,-6.41,-2.79,2.05,-4.9
142.3,88.3,-155.93,2,BH2,2.06,2.12,6.33,-9.65
142.3,88.3,-156.98,2,BH2,-7.76,2.23,-2.37,-10.82
142.3,88.3,-158.02,2,BH2,-6.68,12.01,7.88,-7.66
142.3,88.3,-159.07,2,BH2,-8.93,6.09,1.13,-5.17
142.3,88.3,-160.12,2,BH2,-0.2,-11.47,1.91,-11.96
142.3,88.3,-161.18,2,BH2,-2.99,0.2,-2.23,-11.45
142.3,88.3,-162.22,2,BH2,-3.02,5.48,9.41,-6.04
142.3,88.3,-163.28,2,BH2,-1.29,-4.99,-4.71,-5.41
142.3,88.3,-164.32,2,BH2,-0.56,1.91,7.78,-14.42
142.3,88.3,-165.38,2,BH2,2.98,8.36,7.24,-8.07
142.3,88.3,-166.42,2,BH2,7.13,-0.31,6.93,-6.62
142.3,88.3,-167.48,2,BH2,0.22,1.38,17.22,-7.31
142.3,88.3,-168.52,2,BH2,-7.07,-9.59,7.72,-6.8
142.3,88.3,-169.58,2,BH2,-7.54,-5.36,6.8,1.14
142.3,88.3,-170.62,2,BH2,-7.58,-2.19,8.69,-5.15
142.3,88.3,-171.68,2,BH2,-4.94,-0.76,4.6,-5.44
142.3,88.3,-172.72,2,BH2,-7.77,-0.69,-0.74,-9.85
142.3,88.3,-173.78,2,BH2,2.5,-3.08,10.65,-5.23
142.3,88.3,-174.82,2,BH2,-3.05,-0.48,5.42,-9.84
142.3,88.3,-175.88,2,BH2,-3.65,0.75,5.23,-1.28
142.3,88.3,-176.92,2,BH2,-8.27,6.41,8.62,-8.01
142.3,88.3,-177.98,2,BH2,2.83,-8.96,0.53,-8.75
142.3,88.3,-179.02,2,BH2,-9.64,9.73,2.88,5.04
142.3,88.3,-180.08,2,BH2,-0.05,10.13,-0.36,-11.95
142.3,88.3,-181.12,2,BH2,-7.14,-6.02,12.51,-8.09
142.3,88.3,-182.18,2,BH2,-7.2,4.59,7.39,-1.78
142.3,88.3,-183.22,2,BH2,4.39,-1.72,9.66,-5.5
142.3,88.3,-184.28,2,BH2,-2.96,-1.91,6.75,-8.13
142.3,88.3,-185.32,2,BH2,-2.46,3.91,10.75,-9.21
142.3,88.3,-186.38,2,BH2,-2.09,3.34,-0.71,-15.62
142.3,88.3,-187.42,2,BH2,-9.04,-2.94,4.03,-2.76
142.3,88.3,-188.48,2,BH2,-5.98,6.93,6.63,-10.04
142.3,88.3,-189.52,2,BH2,-11.46,-5.71,12.86,-1.32
142.3,88.3,-190.58,2,BH2,-0.93,-5.14,12.21,-5.33
142.3,88.3,-191.62,2,BH2,3.33,-3.74,11.86,-6.52
142.3,88.3,-192.68,2,BH2,-15.16,-0.41,4.62,-4.67
142.3,88.3,-193.72,2,BH2,-10.44,-8.77,4.0,-1.6
142.3,88.3,-194.78,2,BH2,-12.03,4.16,5.24,-5.12
142.3,88.3,-195.82,2,BH2,-9.79,8.19,5.65,-9.46
142.3,88.3,-196.88,2,BH2,-7.95,-1.46,-7.33,-4.48
142.3,88.3,-197.92,2,BH2,-3.62,-2.27,12.63,-7.96
142.3,88.3,-198.98,2,BH2,-11.1,-4.93,15.0,-6.44
138.7,142.3,-0.52,0,BH3,12.65,-0.63,9.34,3.19
138.7,142.3,-1.58,0,BH3,13.96,2.96,3.03,11.0
138.7,142.3,-2.62,0,BH3,14.58,-3.27,7.4,4.81
138.7,142.3,-3.68,0,BH3,7.54,0.84,9.01,5.07
138.7,142.3,-4.72,0,BH3,-0.27,3.19,8.35,9.65
138.7,142.3,-5.78,0,BH3,8.02,4.91,3.22,2.1
138.7,142.3,-6.82,0,BH3,11.39,11.89,15.61,4.34
138.7,142.3,-7.88,0,BH3,7.45,1.95,17.92,-1.79
138.7,142.3,-8.93,0,BH3,5.06,3.61,16.04,-0.87
138.7,142.3,-9.98,0,BH3,8.07,2.31,13.33,-2.52
138.7,142.3,-11.02,0,BH3,8.58,-4.48,8.84,1.7
138.7,142.3,-12.08,0,BH3,0.94,0.38,8.15,12.57
138.7,142.3,-13.12,0,BH3,6.11,4.01,7.93,13.13
138.7,142.3,-14.18,0,BH3,20.95,-1.59,4.18,9.48
138.7,142.3,-15.22,0,BH3,9.1,-9.04,2.64,-0.1
138.7,142.3,-16.27,0,BH3,2.47,8.34,3.24,7.11
138.7,142.3,-17.32,0,BH3,19.9,2.82,17.49,-0.99
138.7,142.3,-18.38,0,BH3,10.75,-3.62,15.49,1.22
138.7,142.3,-19.42,0,BH3,13.27,1.43,3.48,2.51
138.7,142.3,-20.48,0,BH3,13.28,-5.3,10.29,-2.62
138.7,142.3,-21.52,0,BH3,8.31,-1.55,8.13,4.5
138.7,142.3,-22.58,0,BH3,3.17,2.09,9.87,1.29
138.7,142.3,-23.62,0,BH3,1.57,-6.0,1.41,4.43
138.7,142.3,-24.68,0,BH3,11.56,1.57,17.26,6.95
138.7,142.3,-25.72,0,BH3,12.0,8.68,7.42,-3.3
138.7,142.3,-26.78,0,BH3,6.83,2.31,6.3,2.71
138.7,142.3,-27.82,0,BH3,10.87,3.71,11.49,2.37
138.7,142.3,-28.88,0,BH3,8.4,-0.63,12.53,1.99
138.7,142.3,-29.92,0,BH3,7.71,-9.21,7.58,4.28
138.7,142.3,-30.98,0,BH3,8.19,4.3,19.23,0.14
138.7,142.3,-32.02,0,BH3,5.64,0.52,21.0,2.09
138.7,142.3,-33.08,0,BH3,16.09,8.33,3.07,12.05
138.7,142.3,-34.12,0,BH3,13.44,1.02,-2.3,6.89
138.7,142.3,-35.17,0,BH3,11.29,6.82,-0.75,2.85
138.7,142.3,-36.22,0,BH3,12.2,-3.59,15.4,5.8
138.7,142.3,-37.28,0,BH3,13.17,-3.49,13.54,5.84
138.7,142.3,-38.33,0,BH3,9.7,-4.85,22.81,14.41
138.7,142.3,-39.38,0,BH3,10.5,0.27,8.82,-0.33
138.7,142.3,-40.42,0,BH3,10.33,-0.83,13.99,6.78
138.7,142.3,-41.48,0,BH3,17.11,-5.52,6.36,6.87
138.7,142.3,-42.52,0,BH3,4.24,-0.31,2.47,3.98
138.7,142.3,-43.58,0,BH3,6.63,-2.64,15.36,-2.18
138.7,142.3,-44.62,0,BH3,8.36,6.21,8.44,2.29
138.7,142.3,-45.68,0,BH3,11.55,5.75,4.43,-0.69
138.7,142.3,-46.72,0,BH3,7.8,-2.18,4.43,9.08
138.7,142.3,-47.78,0,BH3,3.97,3.41,19.55,4.55
138.7,142.3,-48.82,0,BH3,9.25,1.52,2.62,10.25
138.7,142.3,-49.88,0,BH3,6.4,-6.68,12.85,3.08
138.7,142.3,-50.92,0,BH3,9.66,-1.2,13.37,1.62
138.7,142.3,-51.98,0,BH3,8.17,2.14,4.62,-0.65
138.7,142.3,-53.02,0,BH3,2.28,9.91,5.23,-0.37
138.7,142.3,-54.08,0,BH3,10.51,5.73,6.87,0.9
138.7,142.3,-55.12,0,BH3,15.85,0.97,9.68,1.07
138.7,142.3,-56.18,0,BH3,10.15,1.25,5.25,-0.43
138.7,142.3,-57.22,0,BH3,11.87,-2.36,5.55,3.78
138.7,142.3,-58.28,0,BH3,9.73,-0.2,19.11,6.32
138.7,142.3,-59.32,0,BH3,10.29,-2.86,12.9,-0.43
138.7,142.3,-60.38,0,BH3,5.12,1.5,8.96,9.68
138.7,142.3,-61.42,0,BH3,8.87,6.69,8.21,8.46
138.7,142.3,-62.48,0,BH3,12.11,0.43,-2.34,0.86
138.7,142.3,-63.52,0,BH3,5.73,1.64,9.62,13.78
138.7,142.3,-64.58,0,BH3,12.76,0.65,4.15,-1.53
138.7,142.3,-65.62,0,BH3,14.06,-4.2,9.76,7.1
138.7,142.3,-66.68,0,BH3,15.82,12.54,14.01,6.83
138.7,142.3,-67.72,0,BH3,7.11,-9.62,18.47,7.14
138.7,142.3,-68.78,0,BH3,13.31,11.72,7.26,-0.44
138.7,142.3,-69.82,0,BH3,9.2,-6.22,17.11,8.48
138.7,142.3,-70.88,0,BH3,11.28,9.17,7.79,-1.56
138.7,142.3,-71.92,0,BH3,6.93,-1.37,6.34,-4.03
138.7,142.3,-72.97,0,BH3,10.27,-1.46,7.73,1.74
138.7,142.3,-74.03,0,BH3,3.99,4.87,9.57,3.08
138.7,142.3,-75.08,0,BH3,3.21,-1.18,16.53,-5.12
138.7,142.3,-76.12,0,BH3,8.44,-5.38,5.21,8.44
138.7,142.3,-77.18,0,BH3,10.96,4.26,8.39,5.81
138.7,142.3,-78.22,0,BH3,10.59,5.51,6.49,10.83
138.7,142.3,-79.28,0,BH3,6.76,-0.19,1.66,-4.8
138.7,142.3,-80.32,0,BH3,7.65,4.55,12.56,8.33
138.7,142.3,-81.38,0,BH3,8.79,1.64,17.29,4.02
138.7,142.3,-82.42,0,BH3,6.79,-4.02,10.12,7.9
138.7,142.3,-83.48,0,BH3,10.43,-2.57,5.08,9.98
138.7,142.3,-84.52,0,BH3,19.94,-11.86,6.54,2.8
138.7,142.3,-85.58,0,BH3,12.84,-3.66,12.31,2.55
138.7,142.3,-86.62,0,BH3,2.45,5.59,7.22,2.27
138.7,142.3,-87.68,0,BH3,16.96,0.55,4.1,2.16
138.7,142.3,-88.72,0,BH3,7.96,4.12,4.0,2.83
138.7,142.3,-89.78,0,BH3,19.76,-8.09,4.87,2.74
138.7,142.3,-90.82,0,BH3,14.12,1.09,12.48,10.53
138.7,142.3,-91.88,0,BH3,12.46,0.78,7.55,7.38
138.7,142.3,-92.92,0,BH3,5.99,1.3,5.85,-7.22
138.7,142.3,-93.98,1,BH3,5.8,-3.06,10.35,-9.11
138.7,142.3,-95.02,1,BH3,6.86,-3.17,6.84,-15.59
138.7,142.3,-96.08,1,BH3,-1.47,-3.78,13.11,-8.45
138.7,142.3,-97.12,1,BH3,-1.97,-6.14,11.96,-4.16
138.7,142.3,-98.18,1,BH3,4.77,-10.96,1.13,-10.45
138.7,142.3,-99.22,1,BH3,1.0,-11.86,2.82,-15.76
138.7,142.3,-100.28,1,BH3,1.84,-4.59,16.91,-15.69
138.7,142.3,-101.32,1,BH3,4.31,-0.49,12.0,-10.43
138.7,142.3,-102.38,1,BH3,-2.14,-5.25,9.57,-17.37
138.7,142.3,-103.42,1,BH3,4.79,-5.04,10.66,-12.17
138.7,142.3,-104.48,1,BH3,1.94,-1.88,10.52,-12.59
138.7,142.3,-105.52,1,BH3,-0.24,-8.62,9.78,-8.1
138.7,142.3,-106.58,1,BH3,3.58,-4.23,14.42,-9.06
138.7,142.3,-107.62,1,BH3,5.31,-7.05,4.21,-3.87
138.7,142.3,-108.68,1,BH3,4.8,-6.59,16.35,-5.25
138.7,142.3,-109.72,1,BH3,5.1,-12.82,7.83,-8.1
138.7,142.3,-110.78,1,BH3,4.63,-10.38,6.57,-17.04
138.7,142.3,-111.82,1,BH3,3.52,-1.83,7.44,-13.09
138.7,142.3,-112.88,1,BH3,10.47,-9.0,-4.98,-15.12
138.7,142.3,-113.92,1,BH3,6.23,-6.7,12.26,-14.13
138.7,142.3,-114.98,1,BH3,1.25,-6.56,6.58,-13.97
138.7,142.3,-116.02,1,BH3,1.73,-2.38,13.73,-5.03
138.7,142.3,-117.08,1,BH3,14.61,-7.26,9.38,-11.73
138.7,142.3,-118.12,1,BH3,6.41,-4.92,4.78,-6.37
138.7,142.3,-119.18,1,BH3,2.13,-15.26,4.01,-13.49
138.7,142.3,-120.22,1,BH3,0.92,-2.04,4.12,-9.2
138.7,142.3,-121.28,1,BH3,2.94,2.18,6.17,-11.89
138.7,142.3,-122.32,1,BH3,5.95,-3.87,8.29,-6.55
138.7,142.3,-123.38,1,BH3,3.23,-13.96,3.76,-7.68
138.7,142.3,-124.42,1,BH3,8.23,-1.08,8.55,-8.39
138.7,142.3,-125.48,1,BH3,8.02,-12.88,11.84,-9.38
138.7,142.3,-126.52,1,BH3,-0.95,-7.24,7.86,-16.34
138.7,142.3,-127.58,1,BH3,1.81,-10.29,7.5,-7.56
138.7,142.3,-128.62,1,BH3,3.34,-0.52,12.25,-4.44
138.7,142.3,-129.68,1,BH3,5.35,-0.6,11.8,-6.35
138.7,142.3,-130.72,1,BH3,7.27,-5.83,11.33,-13.7
138.7,142.3,-131.78,1,BH3,1.0,-10.3,16.55,-3.95
138.7,142.3,-132.82,1,BH3,9.94,-8.36,5.31,-5.73
138.7,142.3,-133.88,1,BH3,12.16,-7.12,10.86,-16.74
138.7,142.3,-134.93,1,BH3,6.26,-3.0,7.01,-11.82
138.7,142.3,-135.98,1,BH3,9.8,-7.01,5.43,-15.94
138.7,142.3,-137.02,1,BH3,4.08,0.2,5.2,-11.79
138.7,142.3,-138.07,1,BH3,2.26,-7.46,15.15,-10.62
138.7,142.3,-139.12,1,BH3,5.35,-10.16,9.93,-14.54
138.7,142.3,-140.18,1,BH3,5.72,-4.36,16.41,-11.4
138.7,142.3,-141.22,1,BH3,-1.72,-6.12,16.67,-10.44
138.7,142.3,-142.28,1,BH3,6.96,-15.01,7.51,-7.44
138.7,142.3,-143.32,1,BH3,2.43,-8.6,8.31,-8.59
138.7,142.3,-144.38,1,BH3,11.92,-1.32,5.95,-11.2
138.7,142.3,-145.43,1,BH3,6.61,-3.59,10.38,-13.87
138.7,142.3,-146.48,2,BH3,-3.57,-6.99,11.1,-6.54
138.7,142.3,-147.52,2,BH3,-0.81,-7.11,5.98,-6.59
138.7,142.3,-148.57,2,BH3,-13.32,-4.0,8.97,-2.86
138.7,142.3,-149.62,2,BH3,4.37,-0.01,15.38,-9.3
138.7,142.3,-150.68,2,BH3,-9.64,0.79,7.82,-6.98
138.7,142.3,-151.72,2,BH3,-8.12,1.94,5.77,-6.58
138.7,142.3,-152.78,2,BH3,-2.56,-5.0,-2.21,-11.72
138.7,142.3,-153.82,2,BH3,-5.66,2.36,7.56,-5.97
138.7,142.3,-154.88,2,BH3,-4.4,-6.5,10.33,-9.24
138.7,142.3,-155.93,2,BH3,-15.11,-3.92,-0.72,-11.21
138.7,142.3,-156.98,2,BH3,-8.23,-3.8,7.28,-2.73
138.7,142.3,-158.02,2,BH3,-6.76,4.24,8.55,-9.12
138.7,142.3,-159.07,2,BH3,-3.59,-3.16,8.07,-5.8
138.7,142.3,-160.12,2,BH3,-5.32,-0.64,2.57,-4.81
138.7,142.3,-161.18,2,BH3,-3.68,-3.06,2.38,-17.94
138.7,142.3,-162.22,2,BH3,-3.59,-4.29,10.14,-7.48
138.7,142.3,-163.28,2,BH3,-2.35,-0.03,15.9,-2.8
138.7,142.3,-164.32,2,BH3,-4.16,-6.15,5.03,0.96
138.7,142.3,-165.38,2,BH3,-10.83,-4.42,3.1,-1.77
138.7,142.3,-166.42,2,BH3,-1.68,3.18,1.77,-4.45
138.7,142.3,-167.48,2,BH3,-9.06,-0.48,-3.86,-13.5
138.7,142.3,-168.52,2,BH3,-2.78,-6.97,5.8,-11.46
138.7,142.3,-169.58,2,BH3,-11.8,-5.48,6.4,-7.07
138.7,142.3,-170.62,2,BH3,-12.6,-1.99,12.56,-5.86
138.7,142.3,-171.68,2,BH3,-1.75,0.41,2.87,-9.77
138.7,142.3,-172.72,2,BH3,-6.02,-14.34,10.45,-5.81
138.7,142.3,-173.78,2,BH3,-4.43,-3.12,5.06,-8.75
138.7,142.3,-174.82,2,BH3,-1.31,1.0,6.83,-5.32
138.7,142.3,-175.88,2,BH3,-4.98,-4.88,-0.88,-7.3
138.7,142.3,-176.92,2,BH3,0.49,3.06,7.21,-4.26
138.7,142.3,-177.98,2,BH3,-8.52,-1.31,2.58,-3.29
138.7,142.3,-179.02,2,BH3,3.32,1.35,10.44,-12.36
138.7,142.3,-180.08,2,BH3,-9.53,-5.31,1.61,-1.07
138.7,142.3,-181.12,2,BH3,-5.86,-0.75,-4.17,-8.24
138.7,142.3,-182.18,2,BH3,-2.41,11.23,8.14,-9.38
138.7,142.3,-183.22,2,BH3,-0.67,1.8,3.77,-4.89
138.7,142.3,-184.28,2,BH3,-7.03,-2.66,5.25,-15.0
138.7,142.3,-185.32,2,BH3,-10.31,8.0,10.27,-0.02
138.7,142.3,-186.38,2,BH3,-1.62,0.1,9.27,-9.87
138.7,142.3,-187.42,2,BH3,1.05,-5.42,-5.16,0.03
138.7,142.3,-188.48,2,BH3,-8.28,2.84,4.89,-2.84
138.7,142.3,-189.52,2,BH3,-2.25,-7.65,14.71,-6.83
138.7,142.3,-190.58,2,BH3,-3.29,-2.72,1.14,-3.05
138.7,142.3,-191.62,2,BH3,-8.36,-4.22,12.09,-8.57
138.7,142.3,-192.68,2,BH3,-3.38,-0.71,-2.19,0.3
138.7,142.3,-193.72,2,BH3,-1.4,-5.6,9.45,-3.88
138.7,142.3,-194.78,2,BH3,2.3,-1.18,0.24,0.23
138.7,142.3,-195.82,2,BH3,-0.55,1.88,13.83,-3.8
138.7,142.3,-196.88,2,BH3,-7.98,-3.49,7.74,-19.39
138.7,142.3,-197.92,2,BH3,-5.19,-1.29,3.12,-13.38
138.7,142.3,-198.98,2,BH3,-7.96,-4.91,4.62,-2.07
97.9,145.9,-0.52,0,BH4,12.62,3.55,12.96,4.09
97.9,145.9,-1.58,0,BH4,6.32,6.21,10.88,7.95
97.9,145.9,-2.62,0,BH4,9.9,-3.52,13.4,5.87
97.9,145.9,-3.68,0,BH4,5.71,1.51,19.46,3.89
97.9,145.9,-4.72,0,BH4,11.84,2.93,10.25,7.87
97.9,145.9,-5.78,0,BH4,9.02,6.27,7.59,8.91
97.9,145.9,-6.82,0,BH4,7.7,-5.01,11.09,3.38
97.9,145.9,-7.88,0,BH4,5.61,2.64,18.08,5.9
97.9,145.9,-8.93,0,BH4,3.72,-7.71,6.48,1.86
97.9,145.9,-9.98,0,BH4,15.61,5.22,16.3,12.61
97.9,145.9,-11.02,0,BH4,12.18,6.76,8.54,7.47
97.9,145.9,-12.08,0,BH4,8.2,-0.37,1.97,4.91
97.9,145.9,-13.12,0,BH4,4.81,8.34,13.74,-1.37
97.9,145.9,-14.18,0,BH4,7.43,3.12,18.56,1.07
97.9,145.9,-15.22,0,BH4,9.79,2.64,16.6,4.51
97.9,145.9,-16.27,0,BH4,12.12,10.73,7.7,4.66
97.9,145.9,-17.32,0,BH4,16.0,8.34,10.0,5.31
97.9,145.9,-18.38,0,BH4,15.01,9.42,9.67,6.24
97.9,145.9,-19.42,0,BH4,7.96,5.05,11.42,13.65
97.9,145.9,-20.48,0,BH4,14.61,-0.74,5.13,2.44
97.9,145.9,-21.52,0,BH4,7.51,5.2,8.35,6.2
97.9,145.9,-22.58,0,BH4,17.99,-0.75,4.89,-1.76
97.9,145.9,-23.62,0,BH4,3.94,1.47,14.44,2.67
97.9,145.9,-24.68,0,BH4,13.35,2.77,11.36,5.86
97.9,145.9,-25.72,0,BH4,17.23,6.61,7.51,7.29
97.9,145.9,-26.78,0,BH4,4.88,3.58,13.01,8.83
97.9,145.9,-27.82,0,BH4,9.24,0.09,10.83,5.63
97.9,145.9,-28.88,0,BH4,10.77,4.25,15.16,6.54
97.9,145.9,-29.92,0,BH4,10.83,-7.25,15.48,6.6
97.9,145.9,-30.98,0,BH4,4.13,3.31,7.83,11.79
97.9,145.9,-32.02,0,BH4,12.29,11.54,12.44,7.88
97.9,145.9,-33.08,0,BH4,12.85,4.04,12.37,3.7
97.9,145.9,-34.12,0,BH4,5.51,2.21,9.49,-2.35
97.9,145.9,-35.17,0,BH4,8.03,6.33,11.84,-3.92
97.9,145.9,-36.22,0,BH4,9.43,6.76,-0.77,1.83
97.9,145.9,-37.28,0,BH4,6.93,5.72,16.73,1.48
97.9,145.9,-38.33,0,BH4,6.0,-1.75,8.95,-7.59
97.9,145.9,-39.38,0,BH4,11.2,1.26,18.19,10.51
97.9,145.9,-40.42,0,BH4,8.61,-2.41,12.27,-4.9
97.9,145.9,-41.48,0,BH4,12.81,1.34,12.17,9.25
97.9,145.9,-42.52,0,BH4,14.21,-1.14,5.84,13.86
97.9,145.9,-43.58,0,BH4,13.52,3.12,13.75,12.35
97.9,145.9,-44.62,0,BH4,7.61,-0.53,10.92,8.78
97.9,145.9,-45.68,0,BH4,1.78,4.84,12.04,-1.8
97.9,145.9,-46.72,0,BH4,20.4,4.78,11.35,14.03
97.9,145.9,-47.78,0,BH4,5.13,-0.56,4.69,12.77
97.9,145.9,-48.82,0,BH4,9.88,-3.72,5.7,-6.0
97.9,145.9,-49.88,0,BH4,16.91,2.14,14.55,10.18
97.9,145.9,-50.92,0,BH4,7.41,-1.06,8.24,5.08
97.9,145.9,-51.98,0,BH4,13.27,3.2,9.59,6.25
97.9,145.9,-53.02,0,BH4,7.23,-4.82,4.03,7.08
97.9,145.9,-54.08,0,BH4,14.27,6.27,4.03,10.82
97.9,145.9,-55.12,0,BH4,17.36,7.23,3.24,12.58
97.9,145.9,-56.18,0,BH4,11.46,2.99,12.22,5.2
97.9,145.9,-57.22,0,BH4,6.27,-4.8,13.18,3.59
97.9,145.9,-58.28,0,BH4,5.02,-2.02,9.38,7.07
97.9,145.9,-59.32,0,BH4,7.11,0.06,5.43,8.67
97.9,145.9,-60.38,0,BH4,4.76,4.22,4.55,4.71
97.9,145.9,-61.42,0,BH4,5.49,1.14,10.35,5.29
97.9,145.9,-62.48,0,BH4,5.91,-3.62,7.95,-6.6
97.9,145.9,-63.52,0,BH4,10.95,5.76,15.07,9.14
97.9,145.9,-64.58,0,BH4,12.39,-2.53,8.05,1.4
97.9,145.9,-65.62,0,BH4,16.67,-3.72,-1.43,2.28
97.9,145.9,-66.68,0,BH4,14.41,0.73,12.69,4.21
97.9,145.9,-67.72,1,BH4,1.04,-12.0,14.44,-10.83
97.9,145.9,-68.78,1,BH4,1.4,-16.94,5.31,-13.02
97.9,145.9,-69.82,1,BH4,-2.05,-3.92,6.32,-13.67
97.9,145.9,-70.88,1,BH4,-1.15,-7.51,13.32,-4.64
97.9,145.9,-71.92,1,BH4,7.1,-6.02,19.36,-13.17
97.9,145.9,-72.97,1,BH4,-2.06,-7.84,4.08,-13.65
97.9,145.9,-74.03,1,BH4,-0.34,-0.36,5.54,-11.49
97.9,145.9,-75.08,1,BH4,-0.79,1.81,23.61,-13.92
97.9,145.9,-76.12,1,BH4,0.03,-5.92,8.49,-7.62
97.9,145.9,-77.18,1,BH4,1.29,-8.55,11.92,-14.7
97.9,145.9,-78.22,1,BH4,13.66,-4.25,12.67,-3.11
97.9,145.9,-79.28,1,BH4,1.5,-11.17,8.75,-8.77
97.9,145.9,-80.32,1,BH4,5.03,-1.6,6.93,-7.74
97.9,145.9,-81.38,1,BH4,9.29,-10.98,5.99,-5.46
97.9,145.9,-82.42,1,BH4,-2.04,-10.77,11.06,-10.88
97.9,145.9,-83.48,1,BH4,6.39,-2.25,9.83,-12.38
97.9,145.9,-84.52,1,BH4,-2.21,-6.21,13.26,-12.92
97.9,145.9,-85.58,1,BH4,6.93,-4.28,6.48,-7.15
97.9,145.9,-86.62,1,BH4,-0.47,-3.99,14.14,-5.87
97.9,145.9,-87.68,1,BH4,2.79,-3.78,3.63,-15.67
97.9,145.9,-88.72,1,BH4,3.13,-8.52,5.33,-6.45
97.9,145.9,-89.78,1,BH4,0.63,-2.74,4.68,-15.94
97.9,145.9,-90.82,1,BH4,-2.61,-11.76,-4.39,-5.1
97.9,145.9,-91.88,1,BH4,8.86,2.82,10.27,-18.24
97.9,145.9,-92.92,1,BH4,3.67,-7.8,12.11,-10.51
97.9,145.9,-93.98,1,BH4,0.7,-3.51,3.51,-1.91
97.9,145.9,-95.02,1,BH4,3.13,-1.17,10.57,-11.25
97.9,145.9,-96.08,1,BH4,3.83,-4.82,7.19,-14.97
97.9,145.9,-97.12,1,BH4,2.42,-10.42,16.56,-11.09
97.9,145.9,-98.18,1,BH4,3.13,-19.52,4.43,-0.98
97.9,145.9,-99.22,1,BH4,7.71,-3.34,7.02,-16.21
97.9,145.9,-100.28,1,BH4,0.73,-10.95,10.93,-16.11
97.9,145.9,-101.32,1,BH4,9.22,-7.59,9.66,-10.25
97.9,145.9,-102.38,1,BH4,7.17,-0.8,8.76,-11.2
97.9,145.9,-103.42,1,BH4,3.39,2.05,12.5,-10.57
97.9,145.9,-104.48,1,BH4,4.48,-7.59,10.26,-7.67
97.9,145.9,-105.52,1,BH4,5.34,-14.9,9.29,3.07
97.9,145.9,-106.58,1,BH4,1.59,-10.71,20.32,-11.45
97.9,145.9,-107.62,1,BH4,8.34,-15.0,15.0,-14.45
97.9,145.9,-108.68,1,BH4,-1.21,2.34,13.28,-7.86
97.9,145.9,-109.72,1,BH4,9.32,-3.45,18.85,-7.1
97.9,145.9,-110.78,1,BH4,1.86,-9.08,14.59,-9.73
97.9,145.9,-111.82,1,BH4,4.83,-3.28,6.96,-10.94
97.9,145.9,-112.88,1,BH4,9.49,9.78,6.02,-12.75
97.9,145.9,-113.92,1,BH4,9.22,-4.46,10.88,1.48
97.9,145.9,-114.98,1,BH4,1.33,-8.02,9.87,-17.52
97.9,145.9,-116.02,1,BH4,7.72,-5.82,8.38,-7.29
97.9,145.9,-117.08,1,BH4,7.71,-8.48,9.35,-1.46
97.9,145.9,-118.12,1,BH4,3.09,-4.06,7.64,-14.1
97.9,145.9,-119.18,1,BH4,2.43,-6.81,15.22,-6.45
97.9,145.9,-120.22,1,BH4,7.01,-4.25,8.69,-4.16
97.9,145.9,-121.28,1,BH4,2.28,0.5,5.14,-10.18
97.9,145.9,-122.32,1,BH4,1.14,-4.24,8.35,-10.82
97.9,145.9,-123.38,2,BH4,-3.46,1.83,5.16,-9.96
97.9,145.9,-124.42,2,BH4,-2.64,-5.93,3.17,-3.57
97.9,145.9,-125.48,2,BH4,-2.32,5.35,3.99,0.34
97.9,145.9,-126.52,2,BH4,-9.06,-6.5,-1.91,-6.57
97.9,145.9,-127.58,2,BH4,-7.06,-7.34,4.96,-0.44
97.9,145.9,-128.62,2,BH4,-7.22,-4.01,9.08,-13.52
97.9,145.9,-129.68,2,BH4,-5.98,-0.03,6.58,-4.78
97.9,145.9,-130.72,2,BH4,0.07,2.53,2.73,-5.14
97.9,145.9,-131.78,2,BH4,-4.3,6.5,3.0,-12.43
97.9,145.9,-132.82,2,BH4,-8.8,-5.35,9.88,-3.12
97.9,145.9,-133.88,2,BH4,-4.53,-6.47,9.79,-9.28
97.9,145.9,-134.93,2,BH4,-10.03,0.42,-2.18,-12.42
97.9,145.9,-135.98,2,BH4,-5.77,5.17,4.87,-2.37
97.9,145.9,-137.02,2,BH4,-6.81,1.87,9.51,-13.36
97.9,145.9,-138.07,2,BH4,-3.0,-6.32,-1.29,-8.14
97.9,145.9,-139.12,2,BH4,-2.01,-1.81,2.3,-1.82
97.9,145.9,-140.18,2,BH4,3.23,2.32,9.43,-8.79
97.9,145.9,-141.22,2,BH4,-2.31,-2.46,-0.6,-2.27
97.9,145.9,-142.28,2,BH4,-10.38,-3.04,2.12,-5.79
97.9,145.9,-143.32,2,BH4,-7.14,3.22,-3.41,-9.82
97.9,145.9,-144.38,2,BH4,-5.71,-7.57,5.15,-4.27
97.9,145.9,-145.43,2,BH4,-9.96,1.66,10.9,2.87
97.9,145.9,-146.48,2,BH4,-9.96,-5.45,0.23,-7.23
97.9,145.9,-147.52,2,BH4,-7.23,-10.25,5.94,-10.84
97.9,145.9,-148.57,2,BH4,-12.09,-1.22,13.82,4.35
97.9,145.9,-149.62,2,BH4,-7.28,-5.54,-2.69,-6.31
97.9,145.9,-150.68,2,BH4,-0.52,0.88,5.82,1.72
97.9,145.9,-151.72,2,BH4,-18.98,4.06,-5.59,-8.47
97.9,145.9,-152.78,2,BH4,-2.3,2.58,-7.14,-14.29
97.9,145.9,-153.82,2,BH4,2.81,2.46,11.12,-1.83
97.9,145.9,-154.88,2,BH4,-3.0,0.67,2.36,-7.69
97.9,145.9,-155.93,2,BH4,-9.66,-0.29,1.49,-6.36
97.9,145.9,-156.98,2,BH4,-10.4,-0.03,11.78,-0.08
97.9,145.9,-158.02,2,BH4,-16.17,0.08,8.14,0.5
97.9,145.9,-159.07,2,BH4,-7.49,0.58,4.3,0.96
97.9,145.9,-160.12,2,BH4,-4.93,4.44,-6.07,-0.85
97.9,145.9,-161.18,2,BH4,-9.27,0.16,2.85,-2.75
97.9,145.9,-162.22,2,BH4,-8.15,1.63,3.62,-4.33
97.9,145.9,-163.28,2,BH4,-10.63,-5.8,6.55,-11.68
97.9,145.9,-164.32,2,BH4,-9.38,-3.56,12.47,-9.13
97.9,145.9,-165.38,2,BH4,-5.46,2.75,13.1,-4.0
97.9,145.9,-166.42,2,BH4,-4.4,-1.62,3.48,-0.69
97.9,145.9,-167.48,2,BH4,-13.96,-6.7,-1.73,-3.36
97.9,145.9,-168.52,2,BH4,-2.02,2.6,7.97,-8.79
97.9,145.9,-169.58,2,BH4,-8.07,6.67,10.76,-2.5
97.9,145.9,-170.62,2,BH4,-1.57,-3.48,1.22,2.39
97.9,145.9,-171.68,2,BH4,-9.8,2.21,3.25,-16.8
97.9,145.9,-172.72,2,BH4,-13.16,-9.53,12.54,-5.43
97.9,145.9,-173.78,2,BH4,-1.96,-4.42,14.1,-7.92
97.9,145.9,-174.82,2,BH4,-8.62,-4.92,10.15,-3.26
97.9,145.9,-175.88,2,BH4,2.19,-0.02,1.62,-2.49
97.9,145.9,-176.92,2,BH4,-3.31,-0.6,5.37,0.29
97.9,145.9,-177.98,2,BH4,-11.71,4.74,-4.83,0.43
97.9,145.9,-179.02,2,BH4,-9.81,6.17,0.02,-3.26
97.9,145.9,-180.08,2,BH4,-5.31,-3.07,4.38,-6.16
97.9,145.9,-181.12,2,BH4,-5.17,1.45,6.59,-7.19
97.9,145.9,-182.18,2,BH4,-8.47,-3.39,7.39,-4.72
97.9,145.9,-183.22,2,BH4,-2.98,0.61,6.52,-12.77
97.9,145.9,-184.28,2,BH4,-4.56,-0.07,10.54,-0.14
97.9,145.9,-185.32,2,BH4,-3.18,1.36,6.7,-10.52
97.9,145.9,-186.38,2,BH4,-6.6,3.14,8.11,-7.24
97.9,145.9,-187.42,2,BH4,-5.9,5.36,4.82,-6.56
97.9,145.9,-188.48,2,BH4,-1.52,0.12,7.95,-7.06
97.9,145.9,-189.52,2,BH4,-7.26,7.5,10.96,-3.72
97.9,145.9,-190.58,2,BH4,-6.37,5.62,1.43,-5.16
97.9,145.9,-191.62,2,BH4,-4.29,-3.71,7.77,-5.53
97.9,145.9,-192.68,2,BH4,-3.87,-5.58,6.68,-8.9
97.9,145.9,-193.72,2,BH4,-5.77,-7.18,4.57,-3.37
97.9,145.9,-194.78,2,BH4,-3.28,-5.59,3.92,-1.27
97.9,145.9,-195.82,2,BH4,-0.68,-7.39,5.04,4.95
97.9,145.9,-196.88,2,BH4,-12.92,-5.12,14.02,-7.07
97.9,145.9,-197.92,2,BH4,-5.04,10.87,11.18,-6.4
97.9,145.9,-198.98,2,BH4,-1.96,7.6,7.07,-7.98
115.9,133.9,-0.52,0,BH5,2.43,3.59,11.88,5.72
115.9,133.9,-1.58,0,BH5,0.54,4.73,5.09,7.1
115.9,133.9,-2.62,0,BH5,16.71,-4.88,7.43,6.45
115.9,133.9,-3.68,0,BH5,8.94,-1.62,18.03,10.53
115.9,133.9,-4.72,0,BH5,6.19,11.02,16.07,-1.09
115.9,133.9,-5.78,0,BH5,11.73,-1.71,9.48,5.43
115.9,133.9,-6.82,0,BH5,12.44,-0.36,5.98,6.88
115.9,133.9,-7.88,0,BH5,17.42,8.11,10.37,9.91
115.9,133.9,-8.93,0,BH5,19.26,5.29,8.14,8.08
115.9,133.9,-9.98,0,BH5,8.42,-1.81,4.25,8.1
115.9,133.9,-11.02,0,BH5,1.29,3.52,4.43,11.85
115.9,133.9,-12.08,0,BH5,8.7,5.11,6.6,2.99
115.9,133.9,-13.12,0,BH5,8.05,10.83,9.25,-3.42
115.9,133.9,-14.18,0,BH5,13.65,1.85,11.43,4.76
115.9,133.9,-15.22,0,BH5,9.78,-1.84,19.16,-6.64
115.9,133.9,-16.27,0,BH5,6.54,0.64,7.01,-4.02
115.9,133.9,-17.32,0,BH5,8.29,-9.54,10.06,3.25
115.9,133.9,-18.38,0,BH5,11.16,-1.53,19.35,7.71
115.9,133.9,-19.42,0,BH5,6.19,-5.4,12.79,5.81
115.9,133.9,-20.48,0,BH5,10.54,2.61,6.78,5.16
115.9,133.9,-21.52,0,BH5,7.51,0.12,13.72,4.2
115.9,133.9,-22.58,0,BH5,7.17,0.36,6.31,0.42
115.9,133.9,-23.62,0,BH5,8.26,1.51,14.97,4.67
115.9,133.9,-24.68,0,BH5,11.06,-1.13,8.55,7.31
115.9,133.9,-25.72,0,BH5,4.32,-1.44,9.44,9.51
115.9,133.9,-26.78,0,BH5,8.13,-0.74,7.26,15.08
115.9,133.9,-27.82,0,BH5,6.03,8.33,7.31,8.98
115.9,133.9,-28.88,0,BH5,20.37,-3.96,6.54,6.17
115.9,133.9,-29.92,0,BH5,16.39,4.39,9.22,2.85
115.9,133.9,-30.98,0,BH5,12.19,5.52,16.2,8.01
115.9,133.9,-32.02,0,BH5,11.11,1.12,5.44,10.32
115.9,133.9,-33.08,0,BH5,2.44,1.22,7.98,5.18
115.9,133.9,-34.12,0,BH5,8.82,5.51,14.54,-2.38
115.9,133.9,-35.17,0,BH5,10.56,-3.56,8.88,4.25
115.9,133.9,-36.22,0,BH5,9.26,4.6,12.75,11.36
115.9,133.9,-37.28,0,BH5,11.71,-7.18,12.5,5.33
115.9,133.9,-38.33,0,BH5,16.87,-4.52,3.53,-0.53
115.9,133.9,-39.38,0,BH5,4.71,7.08,9.38,-0.89
115.9,133.9,-40.42,0,BH5,10.09,10.4,14.98,5.45
115.9,133.9,-41.48,0,BH5,14.87,-1.71,9.27,3.77
115.9,133.9,-42.52,0,BH5,9.39,1.15,3.52,2.77
115.9,133.9,-43.58,0,BH5,7.44,1.53,2.45,6.52
115.9,133.9,-44.62,0,BH5,3.57,0.82,7.94,6.08
115.9,133.9,-45.68,0,BH5,12.25,2.69,11.17,5.47
115.9,133.9,-46.72,0,BH5,4.43,8.14,14.39,0.23
115.9,133.9,-47.78,0,BH5,2.02,0.61,16.68,3.35
115.9,133.9,-48.82,0,BH5,5.81,-0.68,10.09,13.18
115.9,133.9,-49.88,0,BH5,9.79,-0.08,11.75,5.87
115.9,133.9,-50.92,0,BH5,10.1,-5.99,9.53,7.83
115.9,133.9,-51.98,0,BH5,7.1,5.9,10.54,4.74
115.9,133.9,-53.02,0,BH5,9.04,-7.96,8.99,7.37
115.9,133.9,-54.08,0,BH5,10.14,4.8,11.32,4.98
115.9,133.9,-55.12,0,BH5,9.9,1.56,10.98,7.39
115.9,133.9,-56.18,0,BH5,7.42,7.63,15.73,1.79
115.9,133.9,-57.22,0,BH5,9.11,-1.95,6.41,3.37
115.9,133.9,-58.28,0,BH5,9.96,-3.14,4.57,1.73
115.9,133.9,-59.32,0,BH5,14.73,4.31,12.96,4.37
115.9,133.9,-60.38,0,BH5,7.12,-2.84,13.34,-0.31
115.9,133.9,-61.42,0,BH5,7.43,-2.2,8.41,3.92
115.9,133.9,-62.48,0,BH5,10.68,3.48,12.18,4.04
115.9,133.9,-63.52,0,BH5,7.48,4.9,14.5,0.06
115.9,133.9,-64.58,0,BH5,10.28,8.12,17.23,4.5
115.9,133.9,-65.62,0,BH5,21.1,2.62,9.77,0.82
115.9,133.9,-66.68,0,BH5,10.21,1.88,3.25,2.82
115.9,133.9,-67.72,0,BH5,11.2,-0.88,6.39,7.21
115.9,133.9,-68.78,0,BH5,14.13,3.9,7.84,7.39
115.9,133.9,-69.82,0,BH5,4.5,-0.56,17.3,-1.69
115.9,133.9,-70.88,0,BH5,1.27,-1.31,2.96,-0.31
115.9,133.9,-71.92,0,BH5,8.39,8.84,7.62,7.83
115.9,133.9,-72.97,0,BH5,-1.74,-0.02,16.48,2.4
115.9,133.9,-74.03,0,BH5,14.21,-4.74,13.53,-0.98
115.9,133.9,-75.08,0,BH5,13.99,2.18,11.27,5.02
115.9,133.9,-76.12,0,BH5,8.24,-3.59,15.21,1.36
115.9,133.9,-77.18,0,BH5,6.12,0.45,7.95,5.93
115.9,133.9,-78.22,0,BH5,16.24,-0.91,9.72,1.72
115.9,133.9,-79.28,0,BH5,6.65,0.06,3.79,7.07
115.9,133.9,-80.32,1,BH5,0.63,-9.54,0.96,-5.31
115.9,133.9,-81.38,1,BH5,8.42,-0.14,3.81,-6.17
115.9,133.9,-82.42,1,BH5,-1.54,-3.81,5.97,-7.43
115.9,133.9,-83.48,1,BH5,1.25,3.31,1.74,-9.7
115.9,133.9,-84.52,1,BH5,4.53,-14.09,10.75,-0.8
115.9,133.9,-85.58,1,BH5,5.41,-6.97,1.15,-11.18
115.9,133.9,-86.62,1,BH5,15.31,-4.75,10.68,-5.11
115.9,133.9,-87.68,1,BH5,9.14,-0.19,2.33,-12.15
115.9,133.9,-88.72,1,BH5,-2.2,-7.47,10.65,-15.41
115.9,133.9,-89.78,1,BH5,1.85,0.04,5.71,-18.93
115.9,133.9,-90.82,1,BH5,2.46,-7.98,10.11,-8.28
115.9,133.9,-91.88,1,BH5,-7.31,-6.71,11.12,-10.21
115.9,133.9,-92.92,1,BH5,7.42,-12.35,12.63,-14.09
115.9,133.9,-93.98,1,BH5,1.17,-7.3,14.12,-13.27
115.9,133.9,-95.02,1,BH5,9.69,-7.17,5.64,-16.52
115.9,133.9,-96.08,1,BH5,1.67,-5.42,10.32,-6.69
115.9,133.9,-97.12,1,BH5,2.94,-9.38,12.83,-9.82
115.9,133.9,-98.18,1,BH5,1.36,6.66,9.23,-9.06
115.9,133.9,-99.22,1,BH5,3.84,-7.15,18.87,-5.9
115.9,133.9,-100.28,1,BH5,9.43,-5.6,14.91,-5.6
115.9,133.9,-101.32,1,BH5,1.08,-2.67,10.13,-6.39
115.9,133.9,-102.38,1,BH5,6.3,-3.67,18.19,-2.55
115.9,133.9,-103.42,1,BH5,5.67,2.17,10.17,-10.71
115.9,133.9,-104.48,1,BH5,8.64,-1.53,13.69,-1.67
115.9,133.9,-105.52,1,BH5,10.02,-8.44,3.0,-13.49
115.9,133.9,-106.58,1,BH5,0.43,-7.9,6.4,-3.33
115.9,133.9,-107.62,1,BH5,-2.08,-7.64,2.01,-16.7
115.9,133.9,-108.68,1,BH5,3.75,-4.85,14.01,-3.94
115.9,133.9,-109.72,1,BH5,-0.11,-0.37,21.54,-7.61
115.9,133.9,-110.78,1,BH5,-0.84,-5.62,7.4,-1.4
115.9,133.9,-111.82,1,BH5,6.32,-10.4,14.17,-10.95
115.9,133.9,-112.88,1,BH5,-0.15,-6.9,-0.7,-8.62
115.9,133.9,-113.92,1,BH5,9.13,-2.78,6.81,-13.24
115.9,133.9,-114.98,1,BH5,6.99,-10.57,8.43,-7.56
115.9,133.9,-116.02,1,BH5,12.09,-5.01,21.2,-1.75
115.9,133.9,-117.08,1,BH5,1.95,-3.28,5.52,-7.06
115.9,133.9,-118.12,1,BH5,2.03,-12.62,13.73,-9.21
115.9,133.9,-119.18,1,BH5,10.71,-5.58,12.45,-10.18
115.9,133.9,-120.22,1,BH5,-3.26,-11.95,9.74,-18.07
115.9,133.9,-121.28,1,BH5,10.02,6.09,3.57,-11.43
115.9,133.9,-122.32,1,BH5,13.2,-6.67,5.61,-9.29
115.9,133.9,-123.38,1,BH5,10.26,-3.01,6.81,-14.03
115.9,133.9,-124.42,1,BH5,0.93,-8.66,5.05,-6.77
115.9,133.9,-125.48,1,BH5,1.27,-8.08,10.51,-9.78
115.9,133.9,-126.52,1,BH5,19.49,-3.95,15.21,-11.16
115.9,133.9,-127.58,1,BH5,6.15,0.28,6.3,-3.44
115.9,133.9,-128.62,1,BH5,12.38,-4.56,10.42,-4.46
115.9,133.9,-129.68,1,BH5,10.03,-13.99,5.82,-12.61
115.9,133.9,-130.72,1,BH5,10.25,-9.26,13.24,-25.15
115.9,133.9,-131.78,1,BH5,14.36,-5.54,16.09,-2.07
115.9,133.9,-132.82,1,BH5,5.65,-7.29,10.25,-13.0
115.9,133.9,-133.88,2,BH5,-2.28,-1.49,14.42,-14.71
115.9,133.9,-134.93,2,BH5,-0.35,-0.56,1.7,-0.4
115.9,133.9,-135.98,2,BH5,-8.22,-12.39,-5.42,-16.51
115.9,133.9,-137.02,2,BH5,-9.58,2.59,7.92,-0.92
115.9,133.9,-138.07,2,BH5,-2.15,2.1,-0.16,-4.94
115.9,133.9,-139.12,2,BH5,-1.55,0.56,3.75,-11.37
115.9,133.9,-140.18,2,BH5,-8.76,1.67,6.35,-9.94
115.9,133.9,-141.22,2,BH5,-15.25,-1.56,9.62,-9.11
115.9,133.9,-142.28,2,BH5,-2.47,2.25,8.08,-4.85
115.9,133.9,-143.32,2,BH5,-6.35,-0.58,13.36,-6.28
115.9,133.9,-144.38,2,BH5,-3.2,-4.1,4.36,-6.43
115.9,133.9,-145.43,2,BH5,1.79,-3.36,8.63,-7.42
115.9,133.9,-146.48,2,BH5,-1.96,5.95,6.19,-2.76
115.9,133.9,-147.52,2,BH5,-7.06,6.22,0.18,-7.71
115.9,133.9,-148.57,2,BH5,-12.27,-4.82,9.95,-16.82
115.9,133.9,-149.62,2,BH5,-6.73,2.87,6.14,-0.8
115.9,133.9,-150.68,2,BH5,-0.56,-14.0,14.36,-4.43
115.9,133.9,-151.72,2,BH5,-5.56,-2.74,6.18,-9.4
115.9,133.9,-152.78,2,BH5,1.25,5.1,8.44,-11.46
115.9,133.9,-153.82,2,BH5,-6.65,-7.86,6.86,-4.75
115.9,133.9,-154.88,2,BH5,-4.57,5.24,-1.45,-4.91
115.9,133.9,-155.93,2,BH5,-7.75,-5.49,5.09,-4.71
115.9,133.9,-156.98,2,BH5,-8.69,-7.41,7.42,-14.23
115.9,133.9,-158.02,2,BH5,-4.44,-5.0,7.72,-18.97
115.9,133.9,-159.07,2,BH5,-1.56,-2.74,5.97,-3.83
115.9,133.9,-160.12,2,BH5,-5.67,-5.4,4.77,-11.54
115.9,133.9,-161.18,2,BH5,-6.18,10.55,1.66,-6.34
115.9,133.9,-162.22,2,BH5,3.94,5.84,-0.23,-8.03
115.9,133.9,-163.28,2,BH5,-5.5,0.14,14.39,-2.61
115.9,133.9,-164.32,2,BH5,-8.81,1.95,3.45,2.46
115.9,133.9,-165.38,2,BH5,2.7,0.58,7.06,-4.59
115.9,133.9,-166.42,2,BH5,2.18,5.9,-1.75,-5.75
115.9,133.9,-167.48,2,BH5,-11.84,1.31,3.76,-6.48
115.9,133.9,-168.52,2,BH5,-3.18,-0.4,-3.94,-10.55
115.9,133.9,-169.58,2,BH5,-7.61,-1.53,5.73,-5.03
115.9,133.9,-170.62,2,BH5,-7.04,-2.12,0.74,-7.4
115.9,133.9,-171.68,2,BH5,-3.06,-12.03,1.64,4.05
115.9,133.9,-172.72,2,BH5,-5.15,-1.52,6.37,-7.09
115.9,133.9,-173.78,2,BH5,1.71,-5.77,3.1,2.93
115.9,133.9,-174.82,2,BH5,-1.23,0.9,8.34,-4.22
115.9,133.9,-175.88,2,BH5,-7.33,2.24,7.33,-2.34
115.9,133.9,-176.92,2,BH5,-6.41,1.75,10.75,-7.62
115.9,133.9,-177.98,2,BH5,-7.96,2.96,15.34,-3.03
115.9,133.9,-179.02,2,BH5,-4.68,1.92,10.69,-5.27
115.9,133.9,-180.08,2,BH5,2.79,-7.62,2.72,-14.81
115.9,133.9,-181.12,2,BH5,-2.68,3.56,7.03,-8.58
115.9,133.9,-182.18,2,BH5,-4.23,-3.59,8.76,-5.4
115.9,133.9,-183.22,2,BH5,-7.3,-5.17,5.85,-6.21
115.9,133.9,-184.28,2,BH5,-8.22,-9.15,-1.05,-11.47
115.9,133.9,-185.32,2,BH5,2.96,2.99,3.03,-7.96
115.9,133.9,-186.38,2,BH5,-11.31,-13.26,7.65,-7.97
115.9,133.9,-187.42,2,BH5,-5.33,0.43,2.5,-0.04
115.9,133.9,-188.48,2,BH5,-6.88,-3.52,2.67,-7.43
115.9,133.9,-189.52,2,BH5,-8.32,3.2,6.34,-8.48
115.9,133.9,-190.58,2,BH5,-7.97,-4.38,7.37,-1.97
115.9,133.9,-191.62,2,BH5,-13.25,-3.26,15.62,-6.62
115.9,133.9,-192.68,2,BH5,-8.99,3.92,2.57,-12.12
115.9,133.9,-193.72,2,BH5,-9.28,-3.89,-3.23,-16.63
115.9,133.9,-194.78,2,BH5,-9.78,0.45,-1.82,1.08
115.9,133.9,-195.82,2,BH5,-8.81,-1.1,6.21,-2.99
115.9,133.9,-196.88,2,BH5,2.28,-7.81,3.84,5.79
115.9,133.9,-197.92,2,BH5,-19.97,-2.58,-1.04,3.91
115.9,133.9,-198.98,2,BH5,-15.43,-1.64,8.76,-1.2
153.7,62.5,-0.52,0,BH6,12.93,-5.4,12.73,12.84
153.7,62.5,-1.58,0,BH6,10.86,-1.68,4.79,8.08
153.7,62.5,-2.62,0,BH6,13.56,-2.49,11.17,0.31
153.7,62.5,-3.68,0,BH6,12.5,-3.66,15.63,6.8
153.7,62.5,-4.72,0,BH6,13.06,-3.1,11.12,1.29
153.7,62.5,-5.78,0,BH6,7.1,4.42,16.85,0.82
153.7,62.5,-6.82,0,BH6,9.81,6.34,13.42,-3.06
153.7,62.5,-7.88,0,BH6,8.72,-8.03,0.46,0.67
153.7,62.5,-8.93,0,BH6,10.59,1.03,5.85,9.21
153.7,62.5,-9.98,0,BH6,4.67,1.2,10.21,-1.45
153.7,62.5,-11.02,0,BH6,9.55,-3.72,14.27,6.48
153.7,62.5,-12.08,0,BH6,6.9,-0.07,11.41,2.35
153.7,62.5,-13.12,0,BH6,5.9,-2.81,3.93,7.69
153.7,62.5,-14.18,0,BH6,4.4,1.49,16.15,5.64
153.7,62.5,-15.22,0,BH6,9.98,-5.91,9.22,0.38
153.7,62.5,-16.27,0,BH6,10.71,-2.31,5.03,11.49
153.7,62.5,-17.32,0,BH6,9.96,-0.99,10.53,4.46
153.7,62.5,-18.38,0,BH6,1.43,-1.61,4.26,4.61
153.7,62.5,-19.42,0,BH6,6.74,0.88,3.89,2.61
153.7,62.5,-20.48,0,BH6,15.89,-8.22,10.56,2.87
153.7,62.5,-21.52,0,BH6,8.72,4.75,8.01,10.01
153.7,62.5,-22.58,0,BH6,9.17,-10.16,14.69,-2.43
153.7,62.5,-23.62,0,BH6,10.48,6.97,15.62,4.33
153.7,62.5,-24.68,0,BH6,3.71,-3.19,16.6,-0.41
153.7,62.5,-25.72,0,BH6,5.6,-10.39,9.94,2.57
153.7,62.5,-26.78,0,BH6,13.37,5.02,3.53,24.32
153.7,62.5,-27.82,0,BH6,7.98,2.73,8.1,-3.29
153.7,62.5,-28.88,0,BH6,10.66,0.41,8.75,10.12
153.7,62.5,-29.92,0,BH6,5.98,-5.26,2.75,-0.33
153.7,62.5,-30.98,0,BH6,13.01,-5.82,2.39,2.22
153.7,62.5,-32.02,0,BH6,11.77,3.42,10.39,7.45
153.7,62.5,-33.08,0,BH6,15.0,-4.73,7.29,3.21
153.7,62.5,-34.12,0,BH6,9.0,0.97,16.74,7.91
153.7,62.5,-35.17,0,BH6,15.85,-2.02,7.18,12.35
153.7,62.5,-36.22,0,BH6,5.25,-1.0,11.33,-3.34
153.7,62.5,-37.28,0,BH6,11.79,-3.69,10.12,2.6
153.7,62.5,-38.33,0,BH6,12.4,7.66,9.33,3.83
153.7,62.5,-39.38,0,BH6,9.65,-3.48,22.54,5.28
153.7,62.5,-40.42,0,BH6,9.07,-1.93,20.67,8.9
153.7,62.5,-41.48,0,BH6,19.81,6.06,17.14,4.62
153.7,62.5,-42.52,0,BH6,12.97,6.22,6.79,4.75
153.7,62.5,-43.58,0,BH6,2.79,-3.82,13.04,-1.32
153.7,62.5,-44.62,0,BH6,7.66,6.74,11.44,7.71
153.7,62.5,-45.68,0,BH6,9.6,-5.9,8.76,6.71
153.7,62.5,-46.72,0,BH6,12.73,1.23,12.21,1.13
153.7,62.5,-47.78,0,BH6,1.71,-0.36,8.28,9.03
153.7,62.5,-48.82,0,BH6,8.11,9.0,9.34,1.78
153.7,62.5,-49.88,0,BH6,5.28,0.3,11.24,1.5
153.7,62.5,-50.92,0,BH6,14.39,4.89,-0.72,2.04
153.7,62.5,-51.98,0,BH6,12.83,1.75,12.79,-0.04
153.7,62.5,-53.02,0,BH6,4.87,0.84,10.64,2.43
153.7,62.5,-54.08,0,BH6,8.88,5.72,11.61,2.33
153.7,62.5,-55.12,0,BH6,10.4,5.95,6.44,2.54
153.7,62.5,-56.18,0,BH6,5.63,7.29,6.9,8.06
153.7,62.5,-57.22,0,BH6,10.06,-5.44,10.6,5.05
153.7,62.5,-58.28,0,BH6,7.47,-2.55,8.15,8.6
153.7,62.5,-59.32,0,BH6,6.44,2.62,17.38,13.54
153.7,62.5,-60.38,0,BH6,9.52,1.12,5.75,5.15
153.7,62.5,-61.42,0,BH6,1.48,4.87,5.64,7.89
153.7,62.5,-62.48,0,BH6,14.9,2.35,11.67,8.73
153.7,62.5,-63.52,0,BH6,14.71,3.66,5.61,1.09
153.7,62.5,-64.58,0,BH6,3.54,-5.89,13.91,11.57
153.7,62.5,-65.62,0,BH6,13.2,2.31,-4.48,1.22
153.7,62.5,-66.68,0,BH6,19.04,-4.01,15.61,9.6
153.7,62.5,-67.72,0,BH6,5.93,2.06,6.72,14.16
153.7,62.5,-68.78,0,BH6,1.72,-5.48,19.03,6.51
153.7,62.5,-69.82,0,BH6,15.87,0.08,3.12,9.99
153.7,62.5,-70.88,0,BH6,10.05,-3.75,1.67,11.25
153.7,62.5,-71.92,0,BH6,6.0,2.25,12.74,8.49
153.7,62.5,-72.97,0,BH6,9.05,7.95,5.5,5.69
153.7,62.5,-74.03,0,BH6,9.14,2.35,8.89,-7.28
153.7,62.5,-75.08,0,BH6,7.98,-7.8,2.11,-5.19
153.7,62.5,-76.12,0,BH6,14.4,-7.96,14.12,3.18
153.7,62.5,-77.18,0,BH6,3.4,0.79,11.65,6.65
153.7,62.5,-78.22,0,BH6,12.43,-3.15,6.19,-1.68
153.7,62.5,-79.28,0,BH6,5.57,3.58,11.52,-2.81
153.7,62.5,-80.32,0,BH6,7.38,-0.31,19.55,9.5
153.7,62.5,-81.38,0,BH6,9.44,-2.27,11.6,-1.13
153.7,62.5,-82.42,0,BH6,6.46,8.29,12.89,4.52
153.7,62.5,-83.48,0,BH6,9.68,3.17,10.03,-0.27
153.7,62.5,-84.52,0,BH6,4.19,5.76,7.7,2.21
153.7,62.5,-85.58,0,BH6,13.39,-3.96,3.53,11.4
153.7,62.5,-86.62,0,BH6,7.66,2.61,7.43,7.85
153.7,62.5,-87.68,0,BH6,3.05,-9.38,13.17,7.13
153.7,62.5,-88.72,0,BH6,3.91,4.87,12.21,1.77
153.7,62.5,-89.78,0,BH6,11.26,1.13,5.78,11.37
153.7,62.5,-90.82,0,BH6,4.34,11.29,16.62,5.59
153.7,62.5,-91.88,0,BH6,13.82,1.42,13.37,2.48
153.7,62.5,-92.92,0,BH6,1.81,-5.8,8.5,7.56
153.7,62.5,-93.98,0,BH6,10.1,4.66,12.75,11.65
153.7,62.5,-95.02,0,BH6,2.03,0.25,6.96,4.82
153.7,62.5,-96.08,0,BH6,5.65,-1.35,10.52,5.78
153.7,62.5,-97.12,0,BH6,6.27,2.32,10.59,4.45
153.7,62.5,-98.18,0,BH6,5.29,-4.3,8.07,0.06
153.7,62.5,-99.22,0,BH6,7.67,4.41,13.33,9.67
153.7,62.5,-100.28,0,BH6,5.32,0.74,12.24,2.12
153.7,62.5,-101.32,0,BH6,5.55,-5.86,6.05,3.92
153.7,62.5,-102.38,0,BH6,11.57,1.93,1.44,0.5
153.7,62.5,-103.42,1,BH6,3.71,-0.38,6.55,-7.95
153.7,62.5,-104.48,1,BH6,2.94,-12.91,6.42,-8.26
153.7,62.5,-105.52,1,BH6,2.79,-2.45,9.63,-13.92
153.7,62.5,-106.58,1,BH6,-1.44,-9.41,19.45,-10.47
153.7,62.5,-107.62,1,BH6,10.69,-12.4,4.36,-7.28
153.7,62.5,-108.68,1,BH6,-4.3,-3.96,6.43,-21.32
153.7,62.5,-109.72,1,BH6,5.66,-5.48,3.82,-11.75
153.7,62.5,-110.78,1,BH6,5.47,-9.62,16.22,-9.62
153.7,62.5,-111.82,1,BH6,5.93,-7.94,6.18,-8.58
153.7,62.5,-112.88,1,BH6,7.12,-7.68,6.15,-15.58
153.7,62.5,-113.92,1,BH6,2.56,-8.77,18.13,-16.52
153.7,62.5,-114.98,1,BH6,5.06,-5.56,8.52,-6.56
153.7,62.5,-116.02,1,BH6,3.29,-8.09,12.39,-16.98
153.7,62.5,-117.08,1,BH6,4.63,-3.93,10.46,-5.32
153.7,62.5,-118.12,1,BH6,1.57,-0.24,8.37,-9.46
153.7,62.5,-119.18,1,BH6,-0.72,2.54,9.71,-6.98
153.7,62.5,-120.22,1,BH6,-2.43,-5.79,9.72,-6.17
153.7,62.5,-121.28,1,BH6,-5.12,-9.19,11.55,-17.92
153.7,62.5,-122.32,1,BH6,-0.21,-10.84,0.26,-6.65
153.7,62.5,-123.38,1,BH6,10.49,-16.25,3.14,-5.38
153.7,62.5,-124.42,1,BH6,-1.33,-7.71,14.86,-8.11
153.7,62.5,-125.48,1,BH6,6.46,-2.61,9.31,-3.83
153.7,62.5,-126.52,1,BH6,11.79,-5.83,16.11,-10.33
153.7,62.5,-127.58,1,BH6,10.25,1.39,11.69,-10.5
153.7,62.5,-128.62,1,BH6,8.37,-5.14,-1.55,-13.71
153.7,62.5,-129.68,1,BH6,-6.23,-10.15,8.88,-16.15
153.7,62.5,-130.72,1,BH6,-7.04,-1.77,8.55,-2.62
153.7,62.5,-131.78,1,BH6,8.58,-0.36,3.94,-11.13
153.7,62.5,-132.82,1,BH6,4.86,-6.87,17.11,-12.96
153.7,62.5,-133.88,1,BH6,-3.53,-7.12,12.24,-15.94
153.7,62.5,-134.93,1,BH6,8.81,-0.83,8.78,-6.71
153.7,62.5,-135.98,1,BH6,1.69,2.29,2.83,-15.94
153.7,62.5,-137.02,1,BH6,4.13,2.68,8.07,-9.89
153.7,62.5,-138.07,1,BH6,2.74,-4.63,13.91,-2.28
153.7,62.5,-139.12,1,BH6,3.35,-4.91,14.03,-15.06
153.7,62.5,-140.18,1,BH6,2.16,-0.27,13.43,-16.59
153.7,62.5,-141.22,1,BH6,-8.08,-5.81,12.02,-20.22
153.7,62.5,-142.28,1,BH6,6.21,0.12,15.01,-10.5
153.7,62.5,-143.32,1,BH6,3.7,-5.85,15.89,-16.7
153.7,62.5,-144.38,1,BH6,4.59,-1.82,5.51,-11.39
153.7,62.5,-145.43,1,BH6,3.93,-1.27,10.59,-6.73
153.7,62.5,-146.48,1,BH6,8.14,-7.61,13.47,-15.36
153.7,62.5,-147.52,1,BH6,11.08,-8.17,3.67,-5.95
153.7,62.5,-148.57,1,BH6,8.92,-4.99,17.08,-7.57
153.7,62.5,-149.62,1,BH6,9.68,-1.11,-0.88,-13.79
153.7,62.5,-150.68,1,BH6,11.03,-3.14,9.67,-18.35
153.7,62.5,-151.72,2,BH6,5.48,3.24,-4.88,-2.27
153.7,62.5,-152.78,2,BH6,1.12,0.75,3.95,-2.87
153.7,62.5,-153.82,2,BH6,-7.11,-6.45,7.66,-0.4
153.7,62.5,-154.88,2,BH6,-2.44,3.26,1.22,-9.94
153.7,62.5,-155.93,2,BH6,-7.2,-4.91,0.66,-5.62
153.7,62.5,-156.98,2,BH6,-8.05,-2.22,1.64,-6.79
153.7,62.5,-158.02,2,BH6,-8.3,-7.39,5.13,5.11
153.7,62.5,-159.07,2,BH6,-6.08,-11.02,10.24,-3.22
153.7,62.5,-160.12,2,BH6,-5.29,-5.48,8.31,-5.0
153.7,62.5,-161.18,2,BH6,-5.26,9.66,0.06,7.37
153.7,62.5,-162.22,2,BH6,0.92,-5.79,4.95,-1.93
153.7,62.5,-163.28,2,BH6,-13.24,-2.88,9.55,-3.2
153.7,62.5,-164.32,2,BH6,-4.77,-2.26,5.25,-0.73
153.7,62.5,-165.38,2,BH6,-6.95,-7.0,14.63,2.45
153.7,62.5,-166.42,2,BH6,-12.97,-2.79,4.93,-13.08
153.7,62.5,-167.48,2,BH6,-17.47,3.38,5.36,-13.9
153.7,62.5,-168.52,2,BH6,0.23,-6.94,7.35,-12.67
153.7,62.5,-169.58,2,BH6,0.55,-7.5,7.27,-7.03
153.7,62.5,-170.62,2,BH6,-4.93,7.48,10.85,-5.55
153.7,62.5,-171.68,2,BH6,-8.04,1.32,-2.44,-11.81
153.7,62.5,-172.72,2,BH6,-4.24,-6.42,9.22,-9.34
153.7,62.5,-173.78,2,BH6,-0.51,2.4,3.19,-5.34
153.7,62.5,-174.82,2,BH6,-3.78,-4.5,11.58,-12.0
153.7,62.5,-175.88,2,BH6,-6.17,-3.96,0.35,-4.46
153.7,62.5,-176.92,2,BH6,-7.49,4.16,9.34,-7.21
153.7,62.5,-177.98,2,BH6,-2.89,1.82,4.1,0.83
153.7,62.5,-179.02,2,BH6,-15.06,5.53,1.62,-8.15
153.7,62.5,-180.08,2,BH6,-7.26,4.37,8.18,-4.28
153.7,62.5,-181.12,2,BH6,-7.93,-6.74,9.25,-4.45
153.7,62.5,-182.18,2,BH6,-3.67,0.31,8.47,-4.95
153.7,62.5,-183.22,2,BH6,-8.95,4.77,8.12,-3.89
153.7,62.5,-184.28,2,BH6,-6.46,-3.73,6.71,-12.81
153.7,62.5,-185.32,2,BH6,-10.77,1.99,4.26,-7.5
153.7,62.5,-186.38,2,BH6,-5.96,9.2,7.9,4.33
153.7,62.5,-187.42,2,BH6,-6.59,-7.84,15.14,-12.73
153.7,62.5,-188.48,2,BH6,-6.4,0.57,2.36,-3.28
153.7,62.5,-189.52,2,BH6,-0.78,-0.88,-5.12,-10.25
153.7,62.5,-190.58,2,BH6,-12.7,0.65,9.37,-11.37
153.7,62.5,-191.62,2,BH6,-3.71,-3.9,-0.93,0.87
153.7,62.5,-192.68,2,BH6,-9.11,5.07,5.86,-13.7
153.7,62.5,-193.72,2,BH6,3.79,0.33,9.54,-15.9
153.7,62.5,-194.78,2,BH6,2.31,-2.69,4.95,-9.83
153.7,62.5,-195.82,2,BH6,-11.07,-6.9,5.73,-6.85
153.7,62.5,-196.88,2,BH6,-7.0,-8.32,4.6,-1.71
153.7,62.5,-197.92,2,BH6,-7.3,-8.64,2.95,-6.43
153.7,62.5,-198.98,2,BH6,-3.72,1.1,10.35,-4.01
61.3,65.5,-0.52,0,BH7,12.49,8.35,5.33,8.6
61.3,65.5,-1.58,0,BH7,10.65,-4.07,9.93,-2.73
61.3,65.5,-2.62,0,BH7,12.79,0.22,-0.11,3.25
61.3,65.5,-3.68,0,BH7,4.07,3.22,10.27,-3.65
61.3,65.5,-4.72,0,BH7,12.58,-6.66,10.57,-1.47
61.3,65.5,-5.78,0,BH7,13.1,-5.16,10.97,3.91
61.3,65.5,-6.82,0,BH7,3.9,-3.74,5.09,7.55
61.3,65.5,-7.88,0,BH7,17.04,-6.86,8.13,14.53
61.3,65.5,-8.93,0,BH7,8.02,2.14,11.17,4.15
61.3,65.5,-9.98,0,BH7,12.17,0.74,7.15,0.04
61.3,65.5,-11.02,0,BH7,10.3,0.48,12.71,2.31
61.3,65.5,-12.08,0,BH7,5.13,-1.26,9.27,5.77
61.3,65.5,-13.12,0,BH7,11.82,-1.51,2.2,-0.31
61.3,65.5,-14.18,0,BH7,13.71,3.76,9.16,4.44
61.3,65.5,-15.22,0,BH7,18.69,8.89,7.58,-0.44
61.3,65.5,-16.27,0,BH7,9.94,8.49,6.55,-0.23
61.3,65.5,-17.32,0,BH7,15.93,-6.56,8.15,-0.14
61.3,65.5,-18.38,0,BH7,12.0,-3.1,6.19,13.3
61.3,65.5,-19.42,0,BH7,7.45,-9.5,8.92,-1.25
61.3,65.5,-20.48,0,BH7,7.01,1.77,13.29,0.74
61.3,65.5,-21.52,0,BH7,14.74,3.53,5.96,10.31
61.3,65.5,-22.58,0,BH7,9.18,0.46,12.71,1.95
61.3,65.5,-23.62,0,BH7,17.07,3.42,12.0,1.45
61.3,65.5,-24.68,0,BH7,13.76,-3.26,16.18,10.07
61.3,65.5,-25.72,0,BH7,6.19,0.49,5.07,9.96
61.3,65.5,-26.78,0,BH7,8.0,-5.13,4.15,8.89
61.3,65.5,-27.82,0,BH7,10.27,-5.53,11.54,10.85
61.3,65.5,-28.88,0,BH7,14.5,1.37,8.62,6.42
61.3,65.5,-29.92,0,BH7,13.14,-1.71,10.52,9.48
61.3,65.5,-30.98,0,BH7,6.2,-6.85,13.86,4.96
61.3,65.5,-32.02,0,BH7,-0.31,-2.6,8.31,0.19
61.3,65.5,-33.08,0,BH7,14.85,7.75,13.4,6.16
61.3,65.5,-34.12,0,BH7,4.06,11.06,4.1,4.4
61.3,65.5,-35.17,0,BH7,9.6,-0.71,10.7,12.92
61.3,65.5,-36.22,0,BH7,5.06,3.92,16.2,0.14
61.3,65.5,-37.28,0,BH7,4.63,10.04,19.84,4.7
61.3,65.5,-38.33,0,BH7,5.11,-4.7,10.35,8.04
61.3,65.5,-39.38,0,BH7,8.53,5.83,10.86,7.16
61.3,65.5,-40.42,0,BH7,6.17,1.89,17.92,-1.06
61.3,65.5,-41.48,0,BH7,5.88,1.78,11.39,5.9
61.3,65.5,-42.52,0,BH7,13.83,6.35,3.52,4.03
61.3,65.5,-43.58,0,BH7,8.54,4.11,11.47,13.28
61.3,65.5,-44.62,0,BH7,14.99,2.38,7.95,-1.79
61.3,65.5,-45.68,1,BH7,4.19,-0.35,9.03,-13.66
61.3,65.5,-46.72,1,BH7,2.77,2.04,6.99,-9.03
61.3,65.5,-47.78,1,BH7,6.57,-4.33,6.19,-12.44
61.3,65.5,-48.82,1,BH7,7.51,-0.5,17.25,-4.79
61.3,65.5,-49.88,1,BH7,-6.78,-7.83,6.05,-1.92
61.3,65.5,-50.92,1,BH7,3.65,-9.53,1.32,-15.27
61.3,65.5,-51.98,1,BH7,8.13,-6.42,11.66,-14.86
61.3,65.5,-53.02,1,BH7,0.31,-11.07,6.35,-14.37
61.3,65.5,-54.08,1,BH7,7.7,-14.32,3.1,-15.78
61.3,65.5,-55.12,1,BH7,-0.55,-8.95,12.39,-1.83
61.3,65.5,-56.18,1,BH7,2.87,-10.47,3.74,-12.64
61.3,65.5,-57.22,1,BH7,3.06,-1.73,8.37,-8.68
61.3,65.5,-58.28,1,BH7,10.75,3.2,10.41,-6.88
61.3,65.5,-59.32,1,BH7,0.62,-7.57,14.09,-10.06
61.3,65.5,-60.38,1,BH7,-1.23,-5.01,16.57,-5.33
61.3,65.5,-61.42,1,BH7,11.52,-4.89,8.83,-16.52
61.3,65.5,-62.48,1,BH7,5.46,-2.79,6.38,-8.88
61.3,65.5,-63.52,1,BH7,3.65,-3.95,7.47,-12.02
61.3,65.5,-64.58,1,BH7,14.84,-0.11,14.64,-11.95
61.3,65.5,-65.62,1,BH7,5.7,-7.2,1.18,-4.33
61.3,65.5,-66.68,1,BH7,7.55,-14.54,6.75,-9.24
61.3,65.5,-67.72,1,BH7,9.94,-14.46,7.92,-13.58
61.3,65.5,-68.78,1,BH7,9.18,-1.75,10.06,-6.17
61.3,65.5,-69.82,1,BH7,9.13,-3.2,3.92,-9.83
61.3,65.5,-70.88,1,BH7,14.9,-15.18,12.03,1.89
61.3,65.5,-71.92,1,BH7,-2.83,-1.17,6.09,-6.21
61.3,65.5,-72.97,1,BH7,-1.93,-6.48,10.74,-14.6
61.3,65.5,-74.03,1,BH7,3.39,-3.47,13.95,-15.53
61.3,65.5,-75.08,1,BH7,9.72,-12.49,13.93,-7.76
61.3,65.5,-76.12,1,BH7,2.05,-10.04,7.6,-12.1
61.3,65.5,-77.18,1,BH7,-3.35,-3.06,8.07,-9.66
61.3,65.5,-78.22,1,BH7,4.73,-9.63,9.21,-12.32
61.3,65.5,-79.28,1,BH7,2.05,-0.75,9.25,-3.53
61.3,65.5,-80.32,1,BH7,0.48,-9.61,11.6,-12.32
61.3,65.5,-81.38,1,BH7,5.0,-5.32,13.42,-12.18
61.3,65.5,-82.42,1,BH7,3.25,-7.68,5.01,-10.63
61.3,65.5,-83.48,1,BH7,4.27,-6.14,7.81,-13.09
61.3,65.5,-84.52,1,BH7,3.59,-7.41,2.46,-9.04
61.3,65.5,-85.58,1,BH7,7.96,-9.73,17.6,-14.78
61.3,65.5,-86.62,1,BH7,-1.01,0.85,16.04,-13.2
61.3,65.5,-87.68,1,BH7,8.63,0.66,16.34,-14.51
61.3,65.5,-88.72,1,BH7,8.76,-2.92,6.2,-9.03
61.3,65.5,-89.78,1,BH7,-3.51,-5.02,11.88,-17.29
61.3,65.5,-90.82,1,BH7,1.76,-6.59,16.72,-15.35
61.3,65.5,-91.88,1,BH7,13.73,-3.7,8.05,-12.55
61.3,65.5,-92.92,1,BH7,5.08,-4.0,0.71,-11.54
61.3,65.5,-93.98,1,BH7,-0.87,-6.38,9.12,-16.9
61.3,65.5,-95.02,1,BH7,8.37,-6.48,15.15,-3.19
61.3,65.5,-96.08,2,BH7,-1.3,-3.44,13.6,-9.4
61.3,65.5,-97.12,2,BH7,-9.07,8.32,6.46,-9.96
61.3,65.5,-98.18,2,BH7,-3.91,-2.24,8.51,5.89
61.3,65.5,-99.22,2,BH7,-9.52,-0.63,2.2,-6.17
61.3,65.5,-100.28,2,BH7,-9.78,3.12,5.89,-10.65
61.3,65.5,-101.32,2,BH7,-1.74,-5.81,-4.62,-13.13
61.3,65.5,-102.38,2,BH7,-1.3,4.53,7.82,-18.49
61.3,65.5,-103.42,2,BH7,-3.3,6.13,4.07,-6.56
61.3,65.5,-104.48,2,BH7,-7.89,-5.02,13.68,-7.43
61.3,65.5,-105.52,2,BH7,-11.08,-5.73,3.21,-8.68
61.3,65.5,-106.58,2,BH7,-6.77,-2.87,6.28,-7.69
61.3,65.5,-107.62,2,BH7,-7.62,-1.39,-0.34,-7.56
61.3,65.5,-108.68,2,BH7,-9.03,4.28,4.37,-3.54
61.3,65.5,-109.72,2,BH7,-11.84,3.32,1.44,3.83
61.3,65.5,-110.78,2,BH7,-3.97,0.92,7.83,-2.77
61.3,65.5,-111.82,2,BH7,-2.26,-1.93,-0.73,-6.49
61.3,65.5,-112.88,2,BH7,3.5,-0.12,14.81,-0.47
61.3,65.5,-113.92,2,BH7,-11.27,2.99,-6.31,1.07
61.3,65.5,-114.98,2,BH7,1.81,-2.92,4.8,-13.15
61.3,65.5,-116.02,2,BH7,-9.96,-0.61,0.9,-9.35
61.3,65.5,-117.08,2,BH7,-7.84,-4.58,2.5,-4.28
61.3,65.5,-118.12,2,BH7,4.45,-13.68,2.76,-7.8
61.3,65.5,-119.18,2,BH7,-5.47,2.39,-0.53,-7.15
61.3,65.5,-120.22,2,BH7,-15.22,0.59,4.71,-4.43
61.3,65.5,-121.28,2,BH7,-1.22,-0.27,-6.78,-8.39
61.3,65.5,-122.32,2,BH7,-5.72,-3.7,3.94,-5.94
61.3,65.5,-123.38,2,BH7,-10.5,-16.28,10.13,-10.53
61.3,65.5,-124.42,2,BH7,-8.72,-9.56,10.65,-4.61
61.3,65.5,-125.48,2,BH7,-7.59,-1.42,-3.75,-8.6
61.3,65.5,-126.52,2,BH7,-18.31,3.1,16.45,1.42
61.3,65.5,-127.58,2,BH7,-6.57,-2.81,-1.19,-3.01
61.3,65.5,-128.62,2,BH7,-6.72,0.77,2.51,-10.05
61.3,65.5,-129.68,2,BH7,0.86,-3.1,2.57,-4.18
61.3,65.5,-130.72,2,BH7,-9.63,10.26,7.61,-2.33
61.3,65.5,-131.78,2,BH7,-6.19,-2.24,11.15,-4.78
61.3,65.5,-132.82,2,BH7,-0.45,4.46,6.37,-4.45
61.3,65.5,-133.88,2,BH7,-10.98,5.18,6.05,-3.28
61.3,65.5,-134.93,2,BH7,-11.9,-0.47,-2.88,-10.9
61.3,65.5,-135.98,2,BH7,-1.76,-8.9,5.46,-8.98
61.3,65.5,-137.02,2,BH7,-9.59,-7.53,5.55,-16.26
61.3,65.5,-138.07,2,BH7,-5.73,4.61,7.85,-1.5
61.3,65.5,-139.12,2,BH7,-7.99,-3.38,-5.56,-10.08
61.3,65.5,-140.18,2,BH7,0.61,3.77,9.77,-1.45
61.3,65.5,-141.22,2,BH7,-14.42,-2.14,9.61,-7.71
61.3,65.5,-142.28,2,BH7,-1.51,-9.44,1.46,-9.65
61.3,65.5,-143.32,2,BH7,-0.12,-5.99,8.84,-6.82
61.3,65.5,-144.38,2,BH7,-4.69,-3.6,7.33,-5.77
61.3,65.5,-145.43,2,BH7,-9.41,-5.55,5.76,-0.08
61.3,65.5,-146.48,2,BH7,-9.61,0.41,12.21,5.48
61.3,65.5,-147.52,2,BH7,-2.94,-6.23,5.46,-6.83
61.3,65.5,-148.57,2,BH7,-3.28,5.68,5.25,-4.02
61.3,65.5,-149.62,2,BH7,-6.7,2.88,4.73,-9.07
61.3,65.5,-150.68,2,BH7,-10.79,-1.15,8.27,-1.41
61.3,65.5,-151.72,2,BH7,-10.56,-0.3,0.38,-0.67
61.3,65.5,-152.78,2,BH7,-4.74,3.85,4.82,-15.57
61.3,65.5,-153.82,2,BH7,-4.67,-6.8,3.87,-1.64
61.3,65.5,-154.88,2,BH7,2.66,-2.64,7.88,-2.47
61.3,65.5,-155.93,2,BH7,-8.13,6.67,10.64,-3.33
61.3,65.5,-156.98,2,BH7,-2.37,-4.61,4.48,-7.33
61.3,65.5,-158.02,2,BH7,-1.17,-0.38,5.08,-4.35
61.3,65.5,-159.07,2,BH7,-2.79,-6.08,-0.44,-13.88
61.3,65.5,-160.12,2,BH7,-8.82,4.06,10.62,-3.79
61.3,65.5,-161.18,2,BH7,-0.5,9.95,8.07,-10.68
61.3,65.5,-162.22,2,BH7,0.69,3.18,8.54,-14.72
61.3,65.5,-163.28,2,BH7,-9.7,-6.56,1.62,-11.72
61.3,65.5,-164.32,2,BH7,-9.21,-0.97,9.98,-7.47
61.3,65.5,-165.38,2,BH7,-4.89,-0.47,4.49,-1.14
61.3,65.5,-166.42,2,BH7,-5.56,0.15,2.27,0.64
61.3,65.5,-167.48,2,BH7,-9.88,-5.17,-6.3,-5.41
61.3,65.5,-168.52,2,BH7,-8.48,1.94,4.28,-8.04
61.3,65.5,-169.58,2,BH7,-9.9,-0.69,5.96,-12.15
61.3,65.5,-170.62,2,BH7,1.86,1.22,9.67,4.83
61.3,65.5,-171.68,2,BH7,0.3,-11.59,8.38,-7.39
61.3,65.5,-172.72,2,BH7,-4.28,-13.16,6.12,-10.18
61.3,65.5,-173.78,2,BH7,-2.2,-1.98,10.84,-15.93
61.3,65.5,-174.82,2,BH7,-16.48,4.67,15.31,-9.1
61.3,65.5,-175.88,2,BH7,-0.32,-4.59,8.44,-11.79
61.3,65.5,-176.92,2,BH7,-6.58,-0.21,14.14,-2.54
61.3,65.5,-177.98,2,BH7,-10.04,-7.28,1.73,-12.59
61.3,65.5,-179.02,2,BH7,-5.46,-4.05,8.15,-9.18
61.3,65.5,-180.08,2,BH7,-4.79,-10.95,-0.31,-10.02
61.3,65.5,-181.12,2,BH7,-5.59,-1.32,10.7,-6.64
61.3,65.5,-182.18,2,BH7,-4.06,4.22,4.23,-3.27
61.3,65.5,-183.22,2,BH7,3.38,-4.59,9.73,-3.5
61.3,65.5,-184.28,2,BH7,-6.82,-5.94,-1.73,-8.09
61.3,65.5,-185.32,2,BH7,2.29,-0.56,4.67,-6.61
61.3,65.5,-186.38,2,BH7,-9.47,0.34,7.63,-1.88
61.3,65.5,-187.42,2,BH7,-1.47,-2.43,8.11,-5.24
61.3,65.5,-188.48,2,BH7,-7.07,1.21,3.32,-9.22
61.3,65.5,-189.52,2,BH7,-6.99,-0.85,2.19,2.85
61.3,65.5,-190.58,2,BH7,-4.5,2.26,2.59,-7.99
61.3,65.5,-191.62,2,BH7,-8.47,3.57,10.18,-14.81
61.3,65.5,-192.68,2,BH7,-3.27,4.04,-0.4,-9.13
61.3,65.5,-193.72,2,BH7,-9.3,9.25,6.08,-9.3
61.3,65.5,-194.78,2,BH7,-9.88,0.19,-1.7,-8.05
61.3,65.5,-195.82,2,BH7,-0.55,-2.3,-4.98,-1.43
61.3,65.5,-196.88,2,BH7,-4.86,-9.97,7.17,-5.21
61.3,65.5,-197.92,2,BH7,-10.6,-2.9,2.57,-11.88
61.3,65.5,-198.98,2,BH7,1.73,-3.67,8.3,-5.92
61.3,65.5,-200.02,2,BH7,1.17,-13.04,6.99,-2.92
159.1,129.1,-0.52,0,BH8,3.74,5.85,3.98,11.17
159.1,129.1,-1.58,0,BH8,5.87,4.22,9.75,3.9
159.1,129.1,-2.62,0,BH8,11.71,3.22,6.2,1.91
159.1,129.1,-3.68,0,BH8,6.94,6.04,11.91,14.26
159.1,129.1,-4.72,0,BH8,10.99,-9.17,12.26,5.18
159.1,129.1,-5.78,0,BH8,13.48,0.11,9.68,5.19
159.1,129.1,-6.82,0,BH8,7.25,-0.84,14.34,4.87
159.1,129.1,-7.88,0,BH8,6.11,10.71,7.58,5.1
159.1,129.1,-8.93,0,BH8,16.11,-1.77,11.37,2.34
159.1,129.1,-9.98,0,BH8,4.53,1.53,3.13,-0.63
159.1,129.1,-11.02,0,BH8,-2.78,-1.21,12.81,-4.89
159.1,129.1,-12.08,0,BH8,17.52,5.62,7.28,0.98
159.1,129.1,-13.12,0,BH8,5.02,2.09,6.13,4.59
159.1,129.1,-14.18,0,BH8,10.49,2.95,7.86,5.85
159.1,129.1,-15.22,0,BH8,10.1,0.2,11.47,-3.74
159.1,129.1,-16.27,0,BH8,7.63,-0.74,13.08,2.49
159.1,129.1,-17.32,0,BH8,6.11,6.89,7.8,8.07
159.1,129.1,-18.38,0,BH8,18.9,7.11,11.87,-1.83
159.1,129.1,-19.42,0,BH8,-0.03,-2.73,12.69,6.53
159.1,129.1,-20.48,0,BH8,7.65,-0.43,12.74,2.81
159.1,129.1,-21.52,0,BH8,4.73,8.66,8.0,2.13
159.1,129.1,-22.58,0,BH8,12.71,-4.33,13.66,5.21
159.1,129.1,-23.62,0,BH8,3.74,6.44,8.55,12.59
159.1,129.1,-24.68,0,BH8,2.2,-0.66,7.88,9.53
159.1,129.1,-25.72,0,BH8,7.98,2.79,8.8,12.18
159.1,129.1,-26.78,0,BH8,13.5,8.95,21.7,-1.55
159.1,129.1,-27.82,0,BH8,10.56,8.42,17.2,3.81
159.1,129.1,-28.88,0,BH8,12.45,-1.8,2.72,1.1
159.1,129.1,-29.92,0,BH8,10.78,4.98,6.24,-1.05
159.1,129.1,-30.98,0,BH8,1.4,-2.28,12.4,1.99
159.1,129.1,-32.02,0,BH8,21.64,-2.76,12.83,10.08
159.1,129.1,-33.08,0,BH8,17.33,-2.99,11.21,0.05
159.1,129.1,-34.12,0,BH8,9.5,-4.97,13.53,1.26
159.1,129.1,-35.17,0,BH8,8.8,-5.08,13.28,1.94
159.1,129.1,-36.22,0,BH8,6.44,5.68,6.85,5.14
159.1,129.1,-37.28,0,BH8,7.47,-5.67,14.17,11.56
159.1,129.1,-38.33,0,BH8,0.93,3.17,9.15,-3.63
159.1,129.1,-39.38,0,BH8,7.05,2.65,9.61,-6.42
159.1,129.1,-40.42,0,BH8,8.52,1.33,7.81,7.38
159.1,129.1,-41.48,0,BH8,13.44,2.51,2.16,5.21
159.1,129.1,-42.52,0,BH8,9.52,-1.34,9.07,7.38
159.1,129.1,-43.58,0,BH8,10.2,-1.39,6.25,9.09
159.1,129.1,-44.62,0,BH8,6.76,4.37,16.31,4.87
159.1,129.1,-45.68,0,BH8,14.59,13.33,10.45,6.42
159.1,129.1,-46.72,0,BH8,11.74,-5.25,7.57,5.5
159.1,129.1,-47.78,0,BH8,4.15,11.47,12.37,-0.12
159.1,129.1,-48.82,0,BH8,10.96,4.27,3.9,-0.22
159.1,129.1,-49.88,0,BH8,13.55,1.35,13.92,1.29
159.1,129.1,-50.92,0,BH8,4.51,1.45,9.27,2.94
159.1,129.1,-51.98,0,BH8,10.9,4.4,7.04,8.49
159.1,129.1,-53.02,0,BH8,8.74,4.49,2.65,8.31
159.1,129.1,-54.08,0,BH8,11.32,4.04,5.94,8.06
159.1,129.1,-55.12,0,BH8,22.53,0.59,16.32,4.36
159.1,129.1,-56.18,0,BH8,10.25,1.25,6.11,6.82
159.1,129.1,-57.22,0,BH8,4.53,3.98,4.29,1.08
159.1,129.1,-58.28,0,BH8,4.92,11.88,6.63,11.8
159.1,129.1,-59.32,0,BH8,6.43,4.77,11.98,4.49
159.1,129.1,-60.38,0,BH8,11.59,-2.53,7.46,5.26
159.1,129.1,-61.42,0,BH8,12.75,3.4,12.65,9.17
159.1,129.1,-62.48,0,BH8,10.19,2.16,9.93,3.04
159.1,129.1,-63.52,0,BH8,16.84,-0.04,9.6,2.7
159.1,129.1,-64.58,0,BH8,6.48,2.76,15.11,1.11
159.1,129.1,-65.62,0,BH8,8.1,5.11,7.16,-0.38
159.1,129.1,-66.68,0,BH8,9.96,-8.33,6.26,5.43
159.1,129.1,-67.72,0,BH8,8.03,-6.2,4.85,2.03
159.1,129.1,-68.78,0,BH8,11.49,-1.82,15.13,8.21
159.1,129.1,-69.82,0,BH8,10.39,8.38,17.04,5.27
159.1,129.1,-70.88,0,BH8,7.2,-6.43,15.29,-0.26
159.1,129.1,-71.92,0,BH8,5.31,6.58,5.23,-7.97
159.1,129.1,-72.97,0,BH8,6.6,1.43,7.72,1.05
159.1,129.1,-74.03,0,BH8,5.92,-9.01,2.95,3.85
159.1,129.1,-75.08,0,BH8,12.0,-2.87,8.98,11.24
159.1,129.1,-76.12,0,BH8,6.32,0.15,6.93,13.37
159.1,129.1,-77.18,0,BH8,12.33,1.64,8.88,1.38
159.1,129.1,-78.22,0,BH8,1.33,-3.33,12.37,4.3
159.1,129.1,-79.28,0,BH8,2.95,0.58,5.59,0.35
159.1,129.1,-80.32,0,BH8,8.98,6.52,6.4,5.41
159.1,129.1,-81.38,0,BH8,3.61,-4.6,14.81,5.16
159.1,129.1,-82.42,0,BH8,8.43,4.15,9.98,4.25
159.1,129.1,-83.48,0,BH8,3.57,1.76,13.01,-0.75
159.1,129.1,-84.52,0,BH8,12.25,3.18,7.06,6.87
159.1,129.1,-85.58,0,BH8,8.08,1.16,6.6,5.53
159.1,129.1,-86.62,0,BH8,2.23,-4.54,7.57,7.26
159.1,129.1,-87.68,0,BH8,12.66,-10.0,5.63,3.5
159.1,129.1,-88.72,0,BH8,8.45,-5.51,5.12,13.53
159.1,129.1,-89.78,0,BH8,13.38,0.34,12.21,7.49
159.1,129.1,-90.82,0,BH8,8.22,1.68,18.06,-1.94
159.1,129.1,-91.88,0,BH8,-0.13,-6.93,14.44,4.9
159.1,129.1,-92.92,0,BH8,5.5,-5.73,1.49,0.24
159.1,129.1,-93.98,0,BH8,6.71,3.48,9.8,4.8
159.1,129.1,-95.02,0,BH8,11.25,8.48,5.32,-1.37
159.1,129.1,-96.08,0,BH8,8.89,-1.7,1.85,9.73
159.1,129.1,-97.12,0,BH8,-1.54,-1.44,19.16,10.24
159.1,129.1,-98.18,0,BH8,11.52,2.57,10.31,4.4
159.1,129.1,-99.22,0,BH8,11.85,-1.61,14.27,9.77
159.1,129.1,-100.28,0,BH8,15.9,0.69,13.23,4.39
159.1,129.1,-101.32,0,BH8,2.69,-5.38,4.04,9.59
159.1,129.1,-102.38,0,BH8,7.78,6.09,15.64,4.19
159.1,129.1,-103.42,0,BH8,13.26,4.91,8.53,-1.74
159.1,129.1,-104.48,0,BH8,3.81,-1.34,18.13,9.57
159.1,129.1,-105.52,1,BH8,3.92,-11.73,8.91,-3.94
159.1,129.1,-106.58,1,BH8,0.37,-7.01,14.25,-11.78
159.1,129.1,-107.62,1,BH8,1.48,-9.58,11.82,-10.16
159.1,129.1,-108.68,1,BH8,2.08,-10.18,13.56,1.79
159.1,129.1,-109.72,1,BH8,10.4,-8.96,11.43,-2.57
159.1,129.1,-110.78,1,BH8,3.43,-4.67,15.78,-12.62
159.1,129.1,-111.82,1,BH8,12.36,-10.15,6.45,-3.3
159.1,129.1,-112.88,1,BH8,1.88,-3.23,11.5,-3.69
159.1,129.1,-113.92,1,BH8,-1.93,-12.53,4.24,-15.94
159.1,129.1,-114.98,1,BH8,2.63,0.6,14.07,-6.37
159.1,129.1,-116.02,1,BH8,13.18,-2.9,0.35,-11.63
159.1,129.1,-117.08,1,BH8,-3.36,-1.56,10.06,-2.76
159.1,129.1,-118.12,1,BH8,3.03,-11.07,13.29,-3.92
159.1,129.1,-119.18,1,BH8,1.85,-3.34,2.2,-15.63
159.1,129.1,-120.22,1,BH8,2.89,-0.2,11.57,-11.05
159.1,129.1,-121.28,1,BH8,3.91,-11.29,8.56,-13.09
159.1,129.1,-122.32,1,BH8,7.51,-4.15,7.31,-15.54
159.1,129.1,-123.38,1,BH8,12.49,-7.98,15.91,-12.64
159.1,129.1,-124.42,1,BH8,1.43,-5.04,11.13,-5.04
159.1,129.1,-125.48,1,BH8,-1.23,-10.3,11.53,0.14
159.1,129.1,-126.52,1,BH8,5.66,-0.36,16.38,-1.5
159.1,129.1,-127.58,1,BH8,-0.02,0.44,6.68,-10.07
159.1,129.1,-128.62,1,BH8,2.13,-10.27,18.91,-4.91
159.1,129.1,-129.68,1,BH8,3.39,-7.33,16.93,-2.72
159.1,129.1,-130.72,1,BH8,13.44,-6.93,9.89,-17.01
159.1,129.1,-131.78,1,BH8,4.45,-9.9,11.91,-14.36
159.1,129.1,-132.82,1,BH8,1.99,-7.22,5.45,-11.98
159.1,129.1,-133.88,1,BH8,2.84,2.42,18.98,-17.65
159.1,129.1,-134.93,1,BH8,-8.16,0.92,13.04,-3.09
159.1,129.1,-135.98,1,BH8,-4.07,-5.59,-4.47,-13.8
159.1,129.1,-137.02,1,BH8,5.72,-1.28,6.92,-11.25
159.1,129.1,-138.07,1,BH8,3.79,-7.98,3.81,-12.26
159.1,129.1,-139.12,1,BH8,4.25,-2.53,13.7,-9.76
159.1,129.1,-140.18,1,BH8,12.58,-8.51,12.02,-8.52
159.1,129.1,-141.22,1,BH8,1.55,-6.13,6.93,-12.11
159.1,129.1,-142.28,1,BH8,5.21,-1.43,1.82,-9.27
159.1,129.1,-143.32,1,BH8,1.5,-12.69,3.89,-3.26
159.1,129.1,-144.38,1,BH8,2.83,0.11,15.99,-9.62
159.1,129.1,-145.43,1,BH8,10.28,-1.16,2.18,-6.28
159.1,129.1,-146.48,1,BH8,6.21,-7.95,12.98,-9.11
159.1,129.1,-147.52,1,BH8,2.75,-5.34,2.05,-14.84
159.1,129.1,-148.57,1,BH8,3.32,-6.86,9.32,-15.78
159.1,129.1,-149.62,1,BH8,5.15,-5.87,10.13,-14.5
159.1,129.1,-150.68,1,BH8,-1.31,-3.02,12.91,-6.82
159.1,129.1,-151.72,1,BH8,3.04,-3.21,11.29,-14.43
159.1,129.1,-152.78,2,BH8,0.8,-3.33,-2.62,-5.78
159.1,129.1,-153.82,2,BH8,4.57,-4.9,0.53,-6.67
159.1,129.1,-154.88,2,BH8,5.35,1.89,13.09,0.47
159.1,129.1,-155.93,2,BH8,0.64,-1.74,5.15,-13.05
159.1,129.1,-156.98,2,BH8,-3.52,11.6,7.02,-11.71
159.1,129.1,-158.02,2,BH8,-6.44,-3.98,12.67,-3.28
159.1,129.1,-159.07,2,BH8,-11.11,-5.78,2.43,-3.31
159.1,129.1,-160.12,2,BH8,-6.99,-2.12,14.48,-11.28
159.1,129.1,-161.18,2,BH8,-4.45,-7.57,6.41,-14.75
159.1,129.1,-162.22,2,BH8,-13.26,-3.44,9.18,-3.58
159.1,129.1,-163.28,2,BH8,-5.81,0.79,5.7,-10.2
159.1,129.1,-164.32,2,BH8,-1.7,1.65,3.3,2.26
159.1,129.1,-165.38,2,BH8,1.9,-11.92,5.06,-17.97
159.1,129.1,-166.42,2,BH8,-10.97,-0.83,5.37,-7.58
159.1,129.1,-167.48,2,BH8,-10.59,8.78,10.71,-3.69
159.1,129.1,-168.52,2,BH8,-6.26,4.25,4.93,-10.15
159.1,129.1,-169.58,2,BH8,-8.13,1.48,4.57,-0.53
159.1,129.1,-170.62,2,BH8,-4.37,2.29,-1.13,-6.8
159.1,129.1,-171.68,2,BH8,-2.39,-0.07,8.23,-8.55
159.1,129.1,-172.72,2,BH8,-9.13,-8.75,-4.31,-15.7
159.1,129.1,-173.78,2,BH8,-8.79,-2.19,2.21,-10.46
159.1,129.1,-174.82,2,BH8,-0.52,0.87,10.75,-10.43
159.1,129.1,-175.88,2,BH8,-10.75,5.22,0.53,-4.68
159.1,129.1,-176.92,2,BH8,-5.59,-1.93,7.04,-3.06
159.1,129.1,-177.98,2,BH8,-6.61,1.73,3.2,-7.77
159.1,129.1,-179.02,2,BH8,-1.19,1.26,1.35,-6.19
159.1,129.1,-180.08,2,BH8,1.46,-1.19,8.03,-4.56
159.1,129.1,-181.12,2,BH8,-11.1,-1.89,15.69,-6.21
159.1,129.1,-182.18,2,BH8,-9.82,-6.88,4.27,-1.51
159.1,129.1,-183.22,2,BH8,-10.94,8.98,9.28,-11.9
159.1,129.1,-184.28,2,BH8,-1.44,10.02,3.43,-8.12
159.1,129.1,-185.32,2,BH8,1.73,-4.12,7.78,-7.47
159.1,129.1,-186.38,2,BH8,-2.64,-8.54,10.59,-5.88
159.1,129.1,-187.42,2,BH8,-7.06,3.21,2.96,-8.92
159.1,129.1,-188.48,2,BH8,-4.77,5.11,2.35,4.29
159.1,129.1,-189.52,2,BH8,-9.55,0.44,3.86,1.81
159.1,129.1,-190.58,2,BH8,-4.48,-3.05,11.68,-5.81
159.1,129.1,-191.62,2,BH8,-5.86,2.24,7.85,-5.41
159.1,129.1,-192.68,2,BH8,1.92,0.86,-6.04,-3.51
159.1,129.1,-193.72,2,BH8,-8.54,-3.45,13.52,-3.6
159.1,129.1,-194.78,2,BH8,-2.54,7.06,7.88,-6.55
159.1,129.1,-195.82,2,BH8,-1.42,-2.44,13.97,-3.25
159.1,129.1,-196.88,2,BH8,0.61,-5.36,-0.43,-12.66
159.1,129.1,-197.92,2,BH8,1.68,1.4,3.97,-7.56
159.1,129.1,-198.98,2,BH8,-0.8,11.4,1.94,-9.9
159.1,129.1,-200.02,2,BH8,1.04,1.9,3.72,-2.4
63.7,139.9,-0.52,0,BH9,13.44,-2.94,12.42,1.37
63.7,139.9,-1.58,0,BH9,5.7,0.98,7.39,2.12
63.7,139.9,-2.62,0,BH9,11.46,9.27,10.18,11.76
63.7,139.9,-3.68,0,BH9,18.08,-3.59,8.53,1.35
63.7,139.9,-4.72,0,BH9,11.63,0.97,1.84,7.0
63.7,139.9,-5.78,0,BH9,8.57,4.88,9.5,6.2
63.7,139.9,-6.82,0,BH9,4.64,3.84,11.87,4.46
63.7,139.9,-7.88,0,BH9,2.81,3.52,8.9,11.35
63.7,139.9,-8.93,0,BH9,9.09,-2.7,14.72,4.95
63.7,139.9,-9.98,0,BH9,10.97,5.25,9.8,15.35
63.7,139.9,-11.02,0,BH9,15.1,-1.11,2.44,9.54
63.7,139.9,-12.08,0,BH9,15.01,-1.42,9.07,13.5
63.7,139.9,-13.12,0,BH9,16.16,-3.88,12.9,4.36
63.7,139.9,-14.18,0,BH9,8.96,-1.87,7.3,10.91
63.7,139.9,-15.22,0,BH9,7.33,9.22,5.46,1.84
63.7,139.9,-16.27,0,BH9,6.76,-4.14,5.0,0.63
63.7,139.9,-17.32,0,BH9,7.13,-5.13,11.2,7.78
63.7,139.9,-18.38,0,BH9,7.1,1.4,15.29,11.9
63.7,139.9,-19.42,0,BH9,8.31,-5.34,9.27,2.33
63.7,139.9,-20.48,0,BH9,6.1,0.22,7.56,7.95
63.7,139.9,-21.52,0,BH9,3.51,-12.75,1.54,5.16
63.7,139.9,-22.58,0,BH9,6.11,1.0,6.88,1.99
63.7,139.9,-23.62,0,BH9,7.12,2.35,13.3,-2.02
63.7,139.9,-24.68,0,BH9,11.35,-0.62,7.14,-1.64
63.7,139.9,-25.72,0,BH9,3.64,3.01,7.31,6.56
63.7,139.9,-26.78,0,BH9,2.38,-1.14,18.31,5.94
63.7,139.9,-27.82,0,BH9,13.78,7.01,7.32,9.65
63.7,139.9,-28.88,0,BH9,7.14,-0.63,6.65,-2.12
63.7,139.9,-29.92,0,BH9,5.04,2.99,13.89,2.65
63.7,139.9,-30.98,0,BH9,9.07,2.31,12.92,1.3
63.7,139.9,-32.02,0,BH9,5.15,-5.05,4.45,0.73
63.7,139.9,-33.08,0,BH9,16.03,-1.22,7.95,6.69
63.7,139.9,-34.12,0,BH9,4.23,10.55,6.77,-3.03
63.7,139.9,-35.17,0,BH9,3.71,2.44,10.45,4.49
63.7,139.9,-36.22,0,BH9,13.74,-0.27,8.91,5.6
63.7,139.9,-37.28,0,BH9,8.33,0.44,10.21,8.06
63.7,139.9,-38.33,0,BH9,14.02,-0.46,9.86,14.39
63.7,139.9,-39.38,0,BH9,11.1,3.02,11.47,-2.28
63.7,139.9,-40.42,0,BH9,4.53,3.32,8.12,2.14
63.7,139.9,-41.48,0,BH9,10.24,-11.42,17.16,-2.12
63.7,139.9,-42.52,0,BH9,4.06,-8.35,18.28,5.35
63.7,139.9,-43.58,0,BH9,14.52,-2.66,6.2,6.69
63.7,139.9,-44.62,0,BH9,12.97,-0.62,8.64,5.17
63.7,139.9,-45.68,0,BH9,11.94,15.83,8.33,9.99
63.7,139.9,-46.72,1,BH9,-1.1,-5.66,13.59,-8.52
63.7,139.9,-47.78,1,BH9,2.95,-3.48,11.94,-6.24
63.7,139.9,-48.82,1,BH9,8.04,-14.21,13.49,-7.5
63.7,139.9,-49.88,1,BH9,3.99,-14.23,10.71,-11.4
63.7,139.9,-50.92,1,BH9,2.79,-3.9,16.82,-13.28
63.7,139.9,-51.98,1,BH9,-1.64,-6.57,7.7,-5.67
63.7,139.9,-53.02,1,BH9,7.01,-5.42,11.88,-9.72
63.7,139.9,-54.08,1,BH9,-3.76,-2.24,1.41,-12.92
63.7,139.9,-55.12,1,BH9,12.64,-4.66,10.05,-11.59
63.7,139.9,-56.18,1,BH9,7.17,-3.38,7.62,-10.18
63.7,139.9,-57.22,1,BH9,6.24,-11.6,11.57,-9.14
63.7,139.9,-58.28,1,BH9,11.01,-13.5,6.02,-3.7
63.7,139.9,-59.32,1,BH9,-1.5,-2.14,15.75,-7.97
63.7,139.9,-60.38,1,BH9,10.83,-6.19,6.24,-11.15
63.7,139.9,-61.42,1,BH9,5.24,-12.79,10.85,-12.14
63.7,139.9,-62.48,1,BH9,7.4,2.34,12.18,-10.24
63.7,139.9,-63.52,1,BH9,1.49,-6.96,11.68,-0.64
63.7,139.9,-64.58,1,BH9,0.96,-3.85,12.94,-17.54
63.7,139.9,-65.62,1,BH9,-5.61,-5.06,9.97,-16.93
63.7,139.9,-66.68,1,BH9,6.11,2.8,11.54,-11.33
63.7,139.9,-67.72,1,BH9,-0.26,-9.97,14.72,-13.24
63.7,139.9,-68.78,1,BH9,10.0,-7.93,19.52,-17.8
63.7,139.9,-69.82,1,BH9,5.48,-7.71,12.15,-15.54
63.7,139.9,-70.88,1,BH9,6.92,-5.71,6.75,-13.82
63.7,139.9,-71.92,1,BH9,1.57,-2.31,7.14,-13.94
63.7,139.9,-72.97,1,BH9,5.44,-8.92,12.02,-10.28
63.7,139.9,-74.03,1,BH9,1.32,-18.56,4.5,-17.91
63.7,139.9,-75.08,1,BH9,-1.14,-1.27,14.12,-1.28
63.7,139.9,-76.12,1,BH9,4.88,-5.91,12.84,-6.0
63.7,139.9,-77.18,1,BH9,1.33,-7.6,12.54,-10.6
63.7,139.9,-78.22,1,BH9,14.45,-2.97,11.39,-10.28
63.7,139.9,-79.28,1,BH9,12.54,-6.95,5.92,-11.05
63.7,139.9,-80.32,1,BH9,-0.73,0.24,23.03,-17.27
63.7,139.9,-81.38,1,BH9,3.48,-1.78,7.13,-10.69
63.7,139.9,-82.42,1,BH9,1.5,-3.89,13.52,-6.51
63.7,139.9,-83.48,1,BH9,0.96,2.77,6.03,-20.24
63.7,139.9,-84.52,1,BH9,7.1,-0.94,7.46,-15.14
63.7,139.9,-85.58,1,BH9,7.02,-5.17,10.56,-8.7
63.7,139.9,-86.62,1,BH9,-2.01,-10.74,12.7,-11.13
63.7,139.9,-87.68,1,BH9,2.23,4.19,6.09,-3.18
63.7,139.9,-88.72,1,BH9,9.22,-13.87,11.97,-13.23
63.7,139.9,-89.78,1,BH9,1.5,-6.84,8.08,-19.19
63.7,139.9,-90.82,1,BH9,4.56,-10.02,14.22,2.81
63.7,139.9,-91.88,1,BH9,3.71,0.21,8.09,-9.45
63.7,139.9,-92.92,1,BH9,9.05,-2.71,12.94,-8.7
63.7,139.9,-93.98,1,BH9,2.41,-8.65,-0.84,-12.64
63.7,139.9,-95.02,1,BH9,5.25,-7.61,10.79,-17.02
63.7,139.9,-96.08,1,BH9,13.08,-7.28,7.29,-6.17
63.7,139.9,-97.12,1,BH9,-6.96,-1.73,3.98,-11.98
63.7,139.9,-98.18,2,BH9,-6.42,8.53,3.68,-6.81
63.7,139.9,-99.22,2,BH9,-7.1,-1.11,6.03,3.61
63.7,139.9,-100.28,2,BH9,-6.84,-2.61,12.41,1.03
63.7,139.9,-101.32,2,BH9,-9.49,-3.46,-1.41,2.56
63.7,139.9,-102.38,2,BH9,-5.22,-2.57,0.33,-2.73
63.7,139.9,-103.42,2,BH9,-9.31,-6.46,6.75,-10.1
63.7,139.9,-104.48,2,BH9,-11.32,1.33,2.23,-8.81
63.7,139.9,-105.52,2,BH9,-9.12,-2.7,4.52,1.14
63.7,139.9,-106.58,2,BH9,-5.5,0.51,12.91,-1.72
63.7,139.9,-107.62,2,BH9,3.52,-3.73,7.7,-6.38
63.7,139.9,-108.68,2,BH9,-4.75,-0.92,1.88,-7.01
63.7,139.9,-109.72,2,BH9,-9.81,-2.13,7.4,-9.07
63.7,139.9,-110.78,2,BH9,-20.76,-3.14,6.34,-10.0
63.7,139.9,-111.82,2,BH9,-4.25,-0.24,11.31,-7.26
63.7,139.9,-112.88,2,BH9,1.37,2.7,8.22,-2.31
63.7,139.9,-113.92,2,BH9,-4.98,-4.12,8.24,-7.27
63.7,139.9,-114.98,2,BH9,-8.98,-4.18,-1.37,-3.89
63.7,139.9,-116.02,2,BH9,-0.4,-12.15,8.9,2.58
63.7,139.9,-117.08,2,BH9,-3.31,-12.21,8.96,-2.79
63.7,139.9,-118.12,2,BH9,-2.64,-9.25,0.88,-11.91
63.7,139.9,-119.18,2,BH9,-0.77,1.69,13.01,-10.15
63.7,139.9,-120.22,2,BH9,-1.6,0.23,1.59,-4.08
63.7,139.9,-121.28,2,BH9,-0.84,-2.68,8.61,-14.25
63.7,139.9,-122.32,2,BH9,-8.94,-0.61,-3.33,-11.36
63.7,139.9,-123.38,2,BH9,-4.87,2.91,5.97,-9.65
63.7,139.9,-124.42,2,BH9,-1.73,-6.91,4.21,-7.03
63.7,139.9,-125.48,2,BH9,-5.21,-3.78,14.73,1.58
63.7,139.9,-126.52,2,BH9,0.53,-3.19,13.57,-7.06
63.7,139.9,-127.58,2,BH9,-0.58,-1.78,13.01,-2.53
63.7,139.9,-128.62,2,BH9,-18.53,7.46,1.67,-8.41
63.7,139.9,-129.68,2,BH9,-11.66,-1.09,4.61,-7.26
63.7,139.9,-130.72,2,BH9,-1.0,-4.93,9.22,-12.9
63.7,139.9,-131.78,2,BH9,3.36,0.23,11.29,-6.46
63.7,139.9,-132.82,2,BH9,-13.74,-3.11,0.73,-2.25
63.7,139.9,-133.88,2,BH9,0.09,-2.23,15.08,-9.6
63.7,139.9,-134.93,2,BH9,-6.92,-2.99,4.33,-10.82
63.7,139.9,-135.98,2,BH9,-8.44,-7.68,9.02,-4.79
63.7,139.9,-137.02,2,BH9,-3.36,-3.5,12.09,-2.72
63.7,139.9,-138.07,2,BH9,-9.3,0.44,13.09,-8.56
63.7,139.9,-139.12,2,BH9,2.62,-6.84,-0.97,-8.6
63.7,139.9,-140.18,2,BH9,-8.45,-3.36,-1.18,-10.65
63.7,139.9,-141.22,2,BH9,-7.35,3.54,6.5,-3.72
63.7,139.9,-142.28,2,BH9,-4.25,6.19,0.02,-8.01
63.7,139.9,-143.32,2,BH9,-7.71,-3.72,3.14,-10.24
63.7,139.9,-144.38,2,BH9,-5.57,7.42,10.94,-4.51
63.7,139.9,-145.43,2,BH9,-0.72,-8.68,7.4,-2.72
63.7,139.9,-146.48,2,BH9,-11.58,-1.47,17.69,-9.05
63.7,139.9,-147.52,2,BH9,-11.67,-1.86,6.06,-4.03
63.7,139.9,-148.57,2,BH9,-9.57,-0.06,24.76,-10.2
63.7,139.9,-149.62,2,BH9,-8.4,3.56,-5.71,-0.54
63.7,139.9,-150.68,2,BH9,2.55,0.49,5.14,-1.82
63.7,139.9,-151.72,2,BH9,-4.11,-6.86,4.51,-16.2
63.7,139.9,-152.78,2,BH9,-2.57,6.37,2.6,4.39
63.7,139.9,-153.82,2,BH9,-8.45,6.4,0.32,-5.79
63.7,139.9,-154.88,2,BH9,-2.53,-5.81,4.11,-8.88
63.7,139.9,-155.93,2,BH9,-4.84,-2.48,6.13,5.12
63.7,139.9,-156.98,2,BH9,1.77,-2.84,9.94,-9.68
63.7,139.9,-158.02,2,BH9,-1.28,-1.34,-1.38,-5.56
63.7,139.9,-159.07,2,BH9,-2.3,-0.02,6.66,-4.05
63.7,139.9,-160.12,2,BH9,-4.58,-11.85,2.35,0.5
63.7,139.9,-161.18,2,BH9,-4.22,3.27,1.04,-11.91
63.7,139.9,-162.22,2,BH9,-2.74,-3.18,10.45,-15.17
63.7,139.9,-163.28,2,BH9,-8.65,0.09,0.1,-13.78
63.7,139.9,-164.32,2,BH9,-4.88,-1.79,15.05,-11.5
63.7,139.9,-165.38,2,BH9,-10.4,3.48,8.43,-15.39
63.7,139.9,-166.42,2,BH9,3.58,-6.72,-4.53,-8.1
63.7,139.9,-167.48,2,BH9,-3.61,-13.11,14.17,-12.34
63.7,139.9,-168.52,2,BH9,-10.8,0.87,2.69,-7.21
63.7,139.9,-169.58,2,BH9,-7.68,5.39,-3.35,-13.7
63.7,139.9,-170.62,2,BH9,-3.48,-1.98,3.87,-2.36
63.7,139.9,-171.68,2,BH9,-0.43,6.31,12.05,4.87
63.7,139.9,-172.72,2,BH9,0.82,-4.58,7.21,-4.19
63.7,139.9,-173.78,2,BH9,-5.85,-3.58,10.81,-2.84
63.7,139.9,-174.82,2,BH9,-4.65,-4.14,3.14,-1.93
63.7,139.9,-175.88,2,BH9,-5.56,1.4,10.95,-6.57
63.7,139.9,-176.92,2,BH9,-6.85,3.98,2.71,-12.63
63.7,139.9,-177.98,2,BH9,-6.07,-9.44,12.92,-5.22
63.7,139.9,-179.02,2,BH9,-8.06,-4.54,5.78,0.36
63.7,139.9,-180.08,2,BH9,-13.56,-2.26,9.75,-9.52
63.7,139.9,-181.12,2,BH9,-10.44,-4.14,11.42,-6.35
63.7,139.9,-182.18,2,BH9,-5.63,3.21,5.42,-11.43
63.7,139.9,-183.22,2,BH9,0.02,-1.1,8.87,-7.23
63.7,139.9,-184.28,2,BH9,-7.93,0.42,3.8,-7.63
63.7,139.9,-185.32,2,BH9,-10.33,-2.6,9.07,-10.16
63.7,139.9,-186.38,2,BH9,-6.2,-10.99,4.36,-1.96
63.7,139.9,-187.42,2,BH9,4.51,-6.27,1.68,-7.1
63.7,139.9,-188.48,2,BH9,-3.12,1.07,3.96,-1.66
63.7,139.9,-189.52,2,BH9,-4.75,-4.15,-0.04,-2.11
63.7,139.9,-190.58,2,BH9,2.2,3.24,4.63,-5.77
63.7,139.9,-191.62,2,BH9,-6.83,-3.32,9.65,1.25
63.7,139.9,-192.68,2,BH9,-3.77,3.76,2.29,-5.79
63.7,139.9,-193.72,2,BH9,-4.14,-4.3,9.05,0.17
63.7,139.9,-194.78,2,BH9,0.84,-1.08,-3.63,-10.56
63.7,139.9,-195.82,2,BH9,-7.81,-4.41,15.85,-9.48
63.7,139.9,-196.88,2,BH9,-7.57,-1.94,2.91,-9.98
63.7,139.9,-197.92,2,BH9,1.72,-3.16,4.22,-7.98
63.7,139.9,-198.98,2,BH9,3.08,-1.44,-0.2,-1.21
63.7,139.9,-200.02,2,BH9,-0.91,-7.35,8.78,-5.11
43.9,100.3,-0.52,0,BH10,5.21,1.88,9.77,4.12
43.9,100.3,-1.58,0,BH10,12.23,1.41,15.85,10.95
43.9,100.3,-2.62,0,BH10,11.26,0.48,5.6,2.61
43.9,100.3,-3.68,0,BH10,7.93,-2.37,11.31,9.04
43.9,100.3,-4.72,0,BH10,8.23,6.08,4.79,8.32
43.9,100.3,-5.78,0,BH10,12.65,5.56,9.91,11.93
43.9,100.3,-6.82,0,BH10,6.37,4.46,15.14,2.71
43.9,100.3,-7.88,0,BH10,6.01,4.44,4.88,-1.79
43.9,100.3,-8.93,0,BH10,19.39,-0.2,8.26,-1.79
43.9,100.3,-9.98,0,BH10,8.24,-1.71,13.07,-5.0
43.9,100.3,-11.02,0,BH10,10.31,8.96,7.88,2.96
43.9,100.3,-12.08,0,BH10,12.79,8.27,13.01,3.27
43.9,100.3,-13.12,0,BH10,10.57,5.33,13.85,7.49
43.9,100.3,-14.18,0,BH10,11.9,-2.52,8.73,8.08
43.9,100.3,-15.22,0,BH10,11.62,3.73,11.23,2.42
43.9,100.3,-16.27,0,BH10,8.41,4.92,13.19,-4.45
43.9,100.3,-17.32,0,BH10,7.9,-7.25,14.29,8.43
43.9,100.3,-18.38,0,BH10,12.48,-4.51,6.68,9.34
43.9,100.3,-19.42,0,BH10,8.18,8.53,6.36,6.83
43.9,100.3,-20.48,0,BH10,11.62,2.92,11.6,6.63
43.9,100.3,-21.52,0,BH10,5.04,-0.46,17.75,0.25
43.9,100.3,-22.58,0,BH10,7.05,0.8,4.73,13.84
43.9,100.3,-23.62,0,BH10,2.21,-1.38,12.74,3.7
43.9,100.3,-24.68,0,BH10,8.52,3.2,4.47,3.97
43.9,100.3,-25.72,0,BH10,5.89,-0.94,15.45,2.65
43.9,100.3,-26.78,0,BH10,6.14,8.52,9.62,0.44
43.9,100.3,-27.82,0,BH10,9.6,-1.59,12.9,-2.48
43.9,100.3,-28.88,0,BH10,15.47,-1.65,7.63,7.87
43.9,100.3,-29.92,0,BH10,1.07,2.28,2.95,1.63
43.9,100.3,-30.98,0,BH10,11.65,0.83,16.41,7.61
43.9,100.3,-32.02,0,BH10,9.57,-10.26,4.2,8.28
43.9,100.3,-33.08,0,BH10,16.81,-3.75,12.24,-1.03
43.9,100.3,-34.12,0,BH10,2.86,6.23,8.86,1.03
43.9,100.3,-35.17,0,BH10,14.49,4.62,11.07,8.16
43.9,100.3,-36.22,0,BH10,11.36,2.52,3.96,5.96
43.9,100.3,-37.28,1,BH10,10.3,-13.82,13.08,-14.36
43.9,100.3,-38.33,1,BH10,-4.27,-11.61,-1.17,-7.17
43.9,100.3,-39.38,1,BH10,8.59,-0.91,8.23,-11.52
43.9,100.3,-40.42,1,BH10,2.45,-3.09,13.99,-9.76
43.9,100.3,-41.48,1,BH10,2.08,-5.83,5.9,-6.29
43.9,100.3,-42.52,1,BH10,5.37,-2.6,3.56,-12.56
43.9,100.3,-43.58,1,BH10,3.42,-3.63,12.16,-13.46
43.9,100.3,-44.62,1,BH10,1.84,2.68,20.07,-15.07
43.9,100.3,-45.68,1,BH10,2.65,-1.09,7.7,-7.41
43.9,100.3,-46.72,1,BH10,-1.81,-7.52,3.92,-18.43
43.9,100.3,-47.78,1,BH10,-1.47,-6.91,6.31,-20.17
43.9,100.3,-48.82,1,BH10,-4.08,-15.94,15.78,-15.22
43.9,100.3,-49.88,1,BH10,9.84,-3.57,9.51,-9.16
43.9,100.3,-50.92,1,BH10,2.93,-9.93,15.23,-9.7
43.9,100.3,-51.98,1,BH10,-5.77,-9.46,12.24,-21.93
43.9,100.3,-53.02,1,BH10,8.22,-2.04,9.66,-22.19
43.9,100.3,-54.08,1,BH10,9.02,-0.43,-3.54,-8.67
43.9,100.3,-55.12,1,BH10,-1.51,-8.74,6.01,-6.02
43.9,100.3,-56.18,1,BH10,5.53,1.1,12.58,-3.71
43.9,100.3,-57.22,1,BH10,3.23,-6.61,3.35,-7.93
43.9,100.3,-58.28,1,BH10,-0.55,-4.61,6.79,-12.82
43.9,100.3,-59.32,1,BH10,2.06,-10.76,12.76,-10.86
43.9,100.3,-60.38,1,BH10,9.77,-7.43,10.75,-3.21
43.9,100.3,-61.42,1,BH10,11.25,-7.6,10.6,-10.14
43.9,100.3,-62.48,1,BH10,9.67,1.2,8.22,-6.57
43.9,100.3,-63.52,1,BH10,11.0,-0.93,6.47,-9.24
43.9,100.3,-64.58,1,BH10,9.38,0.6,1.5,-8.16
43.9,100.3,-65.62,1,BH10,0.08,-4.9,5.77,-7.23
43.9,100.3,-66.68,1,BH10,2.0,-4.4,9.4,-12.54
43.9,100.3,-67.72,1,BH10,6.54,-8.39,13.62,-6.15
43.9,100.3,-68.78,1,BH10,-0.81,-1.18,7.97,-15.54
43.9,100.3,-69.82,1,BH10,10.95,-2.4,10.39,-5.7
43.9,100.3,-70.88,1,BH10,5.33,-4.17,14.62,-9.61
43.9,100.3,-71.92,1,BH10,3.39,-1.97,6.06,-1.5
43.9,100.3,-72.97,1,BH10,4.19,-8.76,1.44,-14.27
43.9,100.3,-74.03,1,BH10,-0.7,-1.74,17.37,-12.8
43.9,100.3,-75.08,1,BH10,-5.35,-3.74,10.94,-6.05
43.9,100.3,-76.12,1,BH10,5.47,-5.48,3.5,-5.94
43.9,100.3,-77.18,1,BH10,16.68,-13.69,12.52,-8.47
43.9,100.3,-78.22,1,BH10,3.89,-10.57,17.77,-4.89
43.9,100.3,-79.28,1,BH10,4.15,-4.65,9.19,-14.13
43.9,100.3,-80.32,1,BH10,4.78,-6.88,7.66,-24.72
43.9,100.3,-81.38,1,BH10,2.76,-8.58,0.96,-9.48
43.9,100.3,-82.42,1,BH10,6.75,6.69,14.56,-8.78
43.9,100.3,-83.48,1,BH10,3.85,-7.15,9.9,-17.98
43.9,100.3,-84.52,1,BH10,0.26,-3.93,2.9,-14.29
43.9,100.3,-85.58,2,BH10,-5.65,7.49,11.2,-5.96
43.9,100.3,-86.62,2,BH10,-4.56,-6.51,4.52,-10.96
43.9,100.3,-87.68,2,BH10,-3.67,4.73,5.3,-8.49
43.9,100.3,-88.72,2,BH10,-15.19,0.44,9.9,-3.84
43.9,100.3,-89.78,2,BH10,1.43,3.33,-0.52,2.31
43.9,100.3,-90.82,2,BH10,-4.81,3.03,6.98,-6.38
43.9,100.3,-91.88,2,BH10,-4.75,3.84,3.93,-6.77
43.9,100.3,-92.92,2,BH10,-7.99,-3.85,16.58,-0.26
43.9,100.3,-93.98,2,BH10,-10.57,-2.79,8.64,-8.02
43.9,100.3,-95.02,2,BH10,-1.52,-3.81,3.31,-9.41
43.9,100.3,-96.08,2,BH10,-5.47,-1.99,4.03,-6.31
43.9,100.3,-97.12,2,BH10,7.43,-5.38,13.34,-1.09
43.9,100.3,-98.18,2,BH10,-3.59,-2.86,13.34,-12.27
43.9,100.3,-99.22,2,BH10,-0.18,-2.45,9.48,-11.5
43.9,100.3,-100.28,2,BH10,-10.11,-3.18,1.14,-14.75
43.9,100.3,-101.32,2,BH10,-5.14,5.04,5.04,-3.96
43.9,100.3,-102.38,2,BH10,-7.55,3.73,-1.16,-3.5
43.9,100.3,-103.42,2,BH10,-11.33,5.26,7.81,-14.32
43.9,100.3,-104.48,2,BH10,-4.64,-2.38,6.82,-7.82
43.9,100.3,-105.52,2,BH10,-4.45,-9.33,7.32,-5.44
43.9,100.3,-106.58,2,BH10,-2.29,3.13,1.77,-11.71
43.9,100.3,-107.62,2,BH10,-3.78,0.1,0.11,-11.79
43.9,100.3,-108.68,2,BH10,0.22,10.16,0.31,-6.95
43.9,100.3,-109.72,2,BH10,-15.13,-0.93,1.53,-4.65
43.9,100.3,-110.78,2,BH10,-10.7,-0.09,5.05,-6.76
43.9,100.3,-111.82,2,BH10,-13.51,-6.45,1.91,-4.39
43.9,100.3,-112.88,2,BH10,-4.17,-1.48,6.84,-2.58
43.9,100.3,-113.92,2,BH10,5.26,-0.32,9.59,-5.98
43.9,100.3,-114.98,2,BH10,-3.74,-4.53,13.45,-11.36
43.9,100.3,-116.02,2,BH10,-1.68,2.39,-1.81,-4.34
43.9,100.3,-117.08,2,BH10,-1.35,-0.8,8.13,-8.76
43.9,100.3,-118.12,2,BH10,-3.21,-5.9,8.47,-5.66
43.9,100.3,-119.18,2,BH10,-8.63,-5.2,4.69,-5.03
43.9,100.3,-120.22,2,BH10,-3.26,-2.16,1.33,3.78
43.9,100.3,-121.28,2,BH10,-2.42,-5.93,8.32,-11.35
43.9,100.3,-122.32,2,BH10,-0.49,1.34,3.08,-0.92
43.9,100.3,-123.38,2,BH10,-4.12,-7.26,5.73,-4.06
43.9,100.3,-124.42,2,BH10,1.09,-4.66,5.81,-7.7
43.9,100.3,-125.48,2,BH10,-2.25,-4.37,5.99,-4.32
43.9,100.3,-126.52,2,BH10,-5.15,0.6,12.4,-9.27
43.9,100.3,-127.58,2,BH10,-6.48,-10.18,11.78,-5.42
43.9,100.3,-128.62,2,BH10,-5.15,-4.29,5.68,-3.28
43.9,100.3,-129.68,2,BH10,2.25,5.26,2.42,5.85
43.9,100.3,-130.72,2,BH10,-7.58,-8.85,5.83,-5.85
43.9,100.3,-131.78,2,BH10,-6.63,2.15,5.45,-14.09
43.9,100.3,-132.82,2,BH10,3.13,-3.0,-1.28,-3.5
43.9,100.3,-133.88,2,BH10,-4.38,-8.61,13.5,1.93
43.9,100.3,-134.93,2,BH10,-6.84,2.35,4.03,-14.09
43.9,100.3,-135.98,2,BH10,0.49,-6.25,7.41,-17.16
43.9,100.3,-137.02,2,BH10,-2.33,5.09,13.24,-3.6
43.9,100.3,-138.07,2,BH10,-5.31,-6.42,6.82,4.93
43.9,100.3,-139.12,2,BH10,1.36,-4.37,3.24,-4.69
43.9,100.3,-140.18,2,BH10,1.74,-0.52,2.68,-7.78
43.9,100.3,-141.22,2,BH10,-1.98,-2.67,10.8,-10.0
43.9,100.3,-142.28,2,BH10,-10.02,-2.06,9.34,-8.7
43.9,100.3,-143.32,2,BH10,-4.11,8.76,10.73,-17.8
43.9,100.3,-144.38,2,BH10,-3.63,-5.08,1.94,-9.28
43.9,100.3,-145.43,2,BH10,3.28,-12.8,9.06,-12.34
43.9,100.3,-146.48,2,BH10,1.59,-1.48,12.64,3.15
43.9,100.3,-147.52,2,BH10,-2.02,-2.1,10.65,-4.21
43.9,100.3,-148.57,2,BH10,-0.02,-2.63,-1.01,-10.39
43.9,100.3,-149.62,2,BH10,-2.49,2.36,8.57,-2.94
43.9,100.3,-150.68,2,BH10,-9.88,0.96,-0.9,-6.02
43.9,100.3,-151.72,2,BH10,6.09,-1.97,10.88,-10.41
43.9,100.3,-152.78,2,BH10,-2.31,-10.32,6.6,-6.03
43.9,100.3,-153.82,2,BH10,-7.18,-10.28,-0.81,-5.32
43.9,100.3,-154.88,2,BH10,-2.76,2.95,5.29,-8.31
43.9,100.3,-155.93,2,BH10,-1.48,-2.23,7.48,-5.64
43.9,100.3,-156.98,2,BH10,-14.89,0.27,-0.64,-2.53
43.9,100.3,-158.02,2,BH10,-0.45,-8.94,4.74,-6.32
43.9,100.3,-159.07,2,BH10,-10.79,-5.12,12.53,-7.56
43.9,100.3,-160.12,2,BH10,-8.37,-3.23,3.19,-7.66
43.9,100.3,-161.18,2,BH10,-12.08,-1.46,6.68,-1.67
43.9,100.3,-162.22,2,BH10,-10.93,-6.99,6.11,-9.61
43.9,100.3,-163.28,2,BH10,-6.06,5.13,1.04,-5.26
43.9,100.3,-164.32,2,BH10,-10.17,-1.05,0.89,-12.34
43.9,100.3,-165.38,2,BH10,-0.35,-0.89,7.96,3.23
43.9,100.3,-166.42,2,BH10,-5.19,-3.5,4.34,-4.56
43.9,100.3,-167.48,2,BH10,-2.87,0.84,1.41,-3.18
43.9,100.3,-168.52,2,BH10,-3.87,4.65,12.72,-7.44
43.9,100.3,-169.58,2,BH10,-2.84,-7.42,7.81,-11.39
43.9,100.3,-170.62,2,BH10,-1.84,-1.18,13.36,-5.62
43.9,100.3,-171.68,2,BH10,-10.4,-7.31,0.81,-11.09
43.9,100.3,-172.72,2,BH10,0.94,-3.84,-1.71,-7.79
43.9,100.3,-173.78,2,BH10,-4.04,-6.46,1.34,-13.12
43.9,100.3,-174.82,2,BH10,-13.82,-3.88,3.38,-6.32
43.9,100.3,-175.88,2,BH10,-4.92,0.91,11.72,-6.87
43.9,100.3,-176.92,2,BH10,-3.25,-8.98,6.16,1.45
43.9,100.3,-177.98,2,BH10,-7.95,-0.49,10.48,-0.69
43.9,100.3,-179.02,2,BH10,-5.18,-1.69,1.58,-4.62
43.9,100.3,-180.08,2,BH10,-10.03,-0.86,-0.41,-10.47
43.9,100.3,-181.12,2,BH10,-5.92,-0.04,2.29,-0.23
43.9,100.3,-182.18,2,BH10,-12.08,1.11,5.6,-5.03
43.9,100.3,-183.22,2,BH10,-3.9,-3.11,1.68,-12.35
43.9,100.3,-184.28,2,BH10,-1.96,3.99,7.38,-0.31
43.9,100.3,-185.32,2,BH10,-6.77,5.48,0.7,-7.64
43.9,100.3,-186.38,2,BH10,-18.24,-3.27,8.99,2.95
43.9,100.3,-187.42,2,BH10,0.74,4.1,-2.34,-12.8
43.9,100.3,-188.48,2,BH10,1.4,0.63,11.96,-12.51
43.9,100.3,-189.52,2,BH10,-5.8,-3.28,5.12,-10.67
43.9,100.3,-190.58,2,BH10,-11.24,-4.72,5.3,-4.54
43.9,100.3,-191.62,2,BH10,-2.78,9.24,-7.48,-4.73
43.9,100.3,-192.68,2,BH10,-5.64,0.74,4.09,-5.22
43.9,100.3,-193.72,2,BH10,-8.78,-0.73,7.6,-14.36
43.9,100.3,-194.78,2,BH10,-9.23,8.85,12.26,-3.62
43.9,100.3,-195.82,2,BH10,6.01,-1.59,2.88,-2.22
43.9,100.3,-196.88,2,BH10,-4.8,4.66,7.31,-6.54
43.9,100.3,-197.92,2,BH10,-4.62,2.26,8.99,-11.7
